project_name,Smart contract address,Blog post link,Audit website,Chain,Is_closed_source,hidden_owner,anti_whale_modifiable,Is_anti_whale,Is_honeypot,buy_tax,sell_tax,slippage_modifiable,Is_blacklisted,can_take_back_ownership,owner_change_balance,is_airdrop_scam,selfdestruct,trust_list,is_whitelisted,is_fake_token,illegal_unicode,exploitation,bad_contract,reusing_state_variable,encode_packed_collision,encode_packed_parameters,centralized_risk_medium,centralized_risk_high,centralized_risk_low,event_setter,external_dependencies,immutable_states,reentrancy_without_eth_transfer,incorrect_inheritance_order,shadowing_local,events_maths,Summary/rationale of risk tags marked true
Data Analytics,0e95242dceab8815a44767f6ef2b20a693765e56,https://hacken.io/research/,https://hacken.io/audits/sock/,Ethereum,FALSE,FALSE,FALSE,FALSE,FALSE,FALSE,FALSE,FALSE,FALSE,TRUE,FALSE,FALSE,FALSE,TRUE,FALSE,FALSE,FALSE,FALSE,FALSE,FALSE,FALSE,FALSE,TRUE,FALSE,TRUE,FALSE,FALSE,FALSE,FALSE,FALSE,FALSE,FALSE,"I tagged centralized risk low and medium because there was mention of roles in the audit that gave a select person/group of people power. This also led me to tag trust list because it requires a level of trust in these people to interact with this contract. Finally, I tagged take ownership back because the audit noted that the Registry Owner can change the Owner of the contract if recovery is enabled, which makes it appear like there may be a loophole for an owner to gain ownership after giving it up."
Data Analytics,8009b2e,https://hacken.io/research/,https://hacken.io/audits/sock/,Ethereum,FALSE,FALSE,FALSE,FALSE,FALSE,FALSE,FALSE,FALSE,FALSE,TRUE,FALSE,FALSE,FALSE,TRUE,FALSE,FALSE,FALSE,FALSE,FALSE,FALSE,FALSE,FALSE,TRUE,FALSE,TRUE,FALSE,FALSE,FALSE,FALSE,FALSE,FALSE,FALSE,"I tagged centralized risk low and medium because there was mention of roles in the audit that gave a select person/group of people power. This also led me to tag trust list because it requires a level of trust in these people to interact with this contract. Finally, I tagged take ownership back because the audit noted that the Registry Owner can change the Owner of the contract if recovery is enabled, which makes it appear like there may be a loophole for an owner to gain ownership after giving it up."
Data Analytics,7ef2853d21049986beefaec4f2405814319f7cfb,https://consensys.io/diligence/research/,https://consensys.io/diligence/audits/2023/12/web3-tickets/,Ethereum,FALSE,FALSE,FALSE,FALSE,FALSE,FALSE,FALSE,FALSE,FALSE,FALSE,FALSE,FALSE,FALSE,FALSE,FALSE,FALSE,FALSE,TRUE,TRUE,FALSE,FALSE,FALSE,FALSE,FALSE,FALSE,FALSE,TRUE,FALSE,FALSE,FALSE,FALSE,FALSE,"Bad contract and exploitation were tagged because the audit found multiple issues that could be exploited, including flooding support with tickets, and an issue where connected websites can impersonate the user. And the websites mention make me worry about external dependencies."
Data Analytics,CS-MKPSML-001,https://chainsecurity.com/blog/,https://chainsecurity.com/security-audit/makerdao-psm-lite/,Ethereum,FALSE,FALSE,FALSE,TRUE,FALSE,TRUE,TRUE,FALSE,FALSE,FALSE,FALSE,FALSE,FALSE,TRUE,TRUE,FALSE,FALSE,FALSE,FALSE,FALSE,FALSE,FALSE,TRUE,FALSE,TRUE,FALSE,FALSE,FALSE,FALSE,FALSE,FALSE,FALSE,"There's a fee for swapping tokens, so I marked buy/sell tax. There is also a way to have an address have the fee waived, so whitelist was tagged. There appears to be admin privileges as well, which requires trust and suggests centralization. There is a limit to the amount of Dai that can be had, and there's no fee on small swaps, which both seem anti whale."
Data Analytics,8009b2e,https://hacken.io/research/,https://hacken.io/audits/sock/,Ethereum,FALSE,FALSE,FALSE,FALSE,FALSE,FALSE,FALSE,FALSE,FALSE,FALSE,FALSE,FALSE,FALSE,TRUE,FALSE,FALSE,FALSE,FALSE,FALSE,FALSE,FALSE,FALSE,TRUE,FALSE,TRUE,FALSE,FALSE,FALSE,FALSE,FALSE,FALSE,FALSE,"I tagged centralized risk low and medium because there was mention of roles in the audit that gave a select person/group of people power. This also led me to tag trust list because it requires a level of trust in these people to interact with this contract. Finally, I tagged take ownership back because the audit noted that the Registry Owner can change the Owner of the contract if recovery is enabled, which makes it appear like there may be a loophole for an owner to gain ownership after giving it up."
Data Analytics,856cce0,https://hacken.io/research/,https://hacken.io/audits/sock/,Ethereum,FALSE,FALSE,FALSE,FALSE,FALSE,FALSE,FALSE,FALSE,FALSE,FALSE,FALSE,FALSE,FALSE,TRUE,FALSE,FALSE,FALSE,FALSE,FALSE,FALSE,FALSE,FALSE,FALSE,FALSE,TRUE,FALSE,FALSE,FALSE,FALSE,FALSE,FALSE,FALSE,"From the audit, I found there was an owner and manager role. The owner assigns the manager role, and the manager can pause and start the contract. This isn't a lot of influence over the contract workings, so I only tagged centralization low, but it does require that you trust the two people in these roles, so I tagged trust_list."
Data Analytics,3e2f867,https://hacken.io/research/,https://hacken.io/audits/sock/,Ethereum,FALSE,FALSE,FALSE,FALSE,FALSE,FALSE,FALSE,FALSE,FALSE,FALSE,FALSE,FALSE,FALSE,FALSE,FALSE,FALSE,FALSE,FALSE,FALSE,FALSE,FALSE,FALSE,TRUE,TRUE,TRUE,FALSE,FALSE,FALSE,FALSE,FALSE,FALSE,FALSE,"The audit found the contract to be overall very secure, however there was one privileged role Owner that had the power to transfer ownership, register new features, pause and unpause new features, register new souls, change souls addresses, allow and disallow souls to manage their address list, update address per soul limit. This seems highly centralized with responsibility, because one role manages all of these responsibilities, so I tagged high centralization risk (including other two centralization risk levels)."
Data Analytics,a935e276f5620b40802b52721e3474232e458f72,https://blog.openzeppelin.com/optimism-smart-contracts-audit,https://www.openzeppelin.com/,Optimism,FALSE,FALSE,FALSE,FALSE,FALSE,FALSE,FALSE,FALSE,FALSE,FALSE,FALSE,FALSE,FALSE,TRUE,TRUE,FALSE,FALSE,TRUE,FALSE,FALSE,FALSE,FALSE,TRUE,TRUE,TRUE,FALSE,TRUE,FALSE,FALSE,FALSE,FALSE,FALSE,"The system overview section of the audit suggests that external contracts may be being relied on, also the sequencer is an off chain trusted service (found in privileged roles section) so external dependencies, and trustlist were tagged. There also appears to be two privileged roles, the sequencer (seen above), and the owner, with the latter being able to modify, add, and delete addresses, giving a lot of power. There is also a whitelist of accounts who can propose state roots, so whitelist was tagged. I tagged exploitation because there was a critical issue that allowed anyone to access certain functions after using the run() function with invalid gas limit."
Data Analytics,4204075301856f7412f07746c937343fb31cb7b8,https://consensys.io/diligence/audits/2024/04/tezoro-snap/,https://consensys.io/diligence/research/,Ethereum,FALSE,FALSE,FALSE,FALSE,FALSE,FALSE,FALSE,FALSE,FALSE,FALSE,FALSE,FALSE,FALSE,FALSE,FALSE,FALSE,FALSE,TRUE,TRUE,FALSE,FALSE,FALSE,FALSE,FALSE,FALSE,FALSE,FALSE,FALSE,FALSE,FALSE,FALSE,FALSE,"Exploitation was selected because the audit found an issue where a malicious dApp could exploit the contract, impersonate a user, and take their funds. Bad contract was also tagged, because someone being able to steal your funds as a user is simply not good from a user perspective."
Data Analytics,606577457191973b46034602f46ddcc130a5c0ac,https://consensys.io/diligence/audits/2021/03/optimism-safetychecker/,https://consensys.io/,Ethereum,FALSE,FALSE,FALSE,FALSE,FALSE,FALSE,FALSE,FALSE,FALSE,FALSE,FALSE,FALSE,FALSE,FALSE,FALSE,FALSE,FALSE,FALSE,FALSE,FALSE,FALSE,FALSE,FALSE,FALSE,FALSE,FALSE,FALSE,FALSE,FALSE,FALSE,FALSE,FALSE,"From what I read from the audit, the contract being reviewed here is a safety checker that determines if a byte code is safe. In the audit I did see mentions of a self-destruct but I'm pretty sure it wasn't referencing something that exists in this particular contract."
Data Analytics,d8d2e902c6d368313d9e04bec40c21fbf70b870b,https://www.halborn.com/audits/lyra-finance/lyra-finance-smart-contract-security-assessment,https://www.halborn.com/audits,Ethereum,FALSE,FALSE,FALSE,FALSE,FALSE,FALSE,FALSE,FALSE,FALSE,FALSE,FALSE,FALSE,FALSE,FALSE,FALSE,FALSE,FALSE,FALSE,FALSE,FALSE,FALSE,FALSE,FALSE,FALSE,FALSE,FALSE,FALSE,TRUE,FALSE,FALSE,FALSE,FALSE,"The LiquidityPool contract's _getLiquidity method incorrectly calculates the value of pendingDeltaLiquidity when pendingDelta > freeLiquidity. As a result, in the aforementioned situation, the liquidity pool cannot be used for withdrawals or use the available liquidity for delta hedging."
Data Analytics,89115cd39237c496b60e8a71b07f46968bd854f2,https://www.halborn.com/audits/monox/monox-smart-contract-security-assessment,https://www.halborn.com/audits,Ethereum,TRUE,FALSE,FALSE,FALSE,FALSE,FALSE,FALSE,FALSE,FALSE,FALSE,FALSE,FALSE,FALSE,FALSE,FALSE,FALSE,FALSE,FALSE,FALSE,FALSE,FALSE,FALSE,FALSE,FALSE,FALSE,FALSE,FALSE,FALSE,FALSE,FALSE,FALSE,FALSE,"The code for callData is made internal, meaning it is a closed source to the public"
Data Analytics,0e95242dceab8815a44767f6ef2b20a693765e56,https://hacken.io/research/,https://hacken.io/audits/sock/,Ethereum,FALSE,TRUE,FALSE,FALSE,FALSE,FALSE,FALSE,FALSE,FALSE,TRUE,FALSE,FALSE,FALSE,FALSE,FALSE,FALSE,FALSE,FALSE,FALSE,FALSE,FALSE,FALSE,TRUE,FALSE,FALSE,FALSE,FALSE,FALSE,FALSE,FALSE,FALSE,FALSE,"The smart contract has risks related to hidden ownership and the ability to take back ownership due to the absence of a constructor and assignment of admin roles (_sockOwner, _owner, and _recoveryOwner) in the SockOwnable contract. This issue means that these roles default to zero addresses and cannot be reassigned after deployment, which creates significant centralization risks and potential for misuse. This flaw was initially identified but later fixed by adding the necessary constructor and role assignments ."
Data Analytics,eeefca66eb46c800a9aaab88db2064a99026fde5,https://chainsecurity.com/security-audit/polymarket-conditional-tokens/,https://chainsecurity.com/,Ethereum,FALSE,FALSE,FALSE,FALSE,FALSE,FALSE,FALSE,FALSE,FALSE,FALSE,FALSE,FALSE,FALSE,FALSE,FALSE,FALSE,FALSE,TRUE,FALSE,FALSE,FALSE,FALSE,FALSE,FALSE,FALSE,FALSE,TRUE,FALSE,FALSE,FALSE,FALSE,FALSE,"External dependencies: The contract relies on external ERC-20 tokens following the standard behaviour. If these external tokens deviate from this standard, it could result in operational issues or failure to interact correctly with these tokens. Exploitation: There is a bug in the ConditionalTokens contract that allows someone to create an endless number of worthless tokens from a single token. This means someone could cheat the system, mess with token values, or find ways to unfairly make money, which could mess up the market and related contracts. This kind of cheating can cause big problems, so it's important to fix this issue to keep the market fair and accurate."
Data Analytics,8009b2e,https://hacken.io/research/,https://hacken.io/audits/sock/,Ethereum,FALSE,TRUE,FALSE,FALSE,FALSE,FALSE,FALSE,FALSE,FALSE,TRUE,FALSE,FALSE,FALSE,FALSE,FALSE,FALSE,FALSE,FALSE,FALSE,FALSE,FALSE,FALSE,TRUE,FALSE,FALSE,FALSE,FALSE,FALSE,FALSE,FALSE,FALSE,FALSE,"The smart contract faces risks regarding hidden ownership and the capability to reclaim ownership due to the lack of a constructor and the assignment of admin roles (_sockOwner, _owner, and _recoveryOwner) in the SockOwnable contract. Without proper assignment, these roles default to zero addresses and cannot be reassigned post-deployment, leading to significant centralization risks and the potential for misuse. This issue was initially detected but later rectified by adding the required constructor and role assignments."
Data Analytics,7ef2853d21049986beefaec4f2405814319f7cfb,https://consensys.io/diligence/audits/2023/12/web3-tickets/,https://consensys.io/diligence/audits/2023/12/web3-tickets/,Ethereum,FALSE,TRUE,FALSE,FALSE,FALSE,FALSE,FALSE,FALSE,FALSE,TRUE,FALSE,FALSE,FALSE,FALSE,FALSE,FALSE,FALSE,FALSE,FALSE,FALSE,FALSE,FALSE,TRUE,FALSE,FALSE,FALSE,FALSE,FALSE,FALSE,FALSE,FALSE,FALSE,"The MetaMask Web3 Tickets Platform Snap has risks related to hidden ownership and the ability to take back ownership due to improper access control mechanisms. This flaw allows unauthorized access and potential misuse of administrative privileges. These issues were identified and later rectified by implementing proper access control mechanisms. Additionally, there is a centralized risk medium due to the potential for a single point of failure in the system's administrative control, which was also addressed by enhancing the access control mechanisms."
Data Analytics,CS-MKPSML-001,https://chainsecurity.com/blog/,https://chainsecurity.com/security-audit/makerdao-psm-lite/,Ethereum,FALSE,FALSE,FALSE,FALSE,FALSE,FALSE,FALSE,FALSE,FALSE,FALSE,FALSE,FALSE,FALSE,FALSE,FALSE,FALSE,FALSE,FALSE,FALSE,FALSE,FALSE,FALSE,FALSE,FALSE,FALSE,FALSE,FALSE,FALSE,FALSE,FALSE,FALSE,FALSE,"None of the risk tags were marked true based on the audit report. The smart contract appears to have no critical, high, medium, or specific low-severity risks that fall under the categories listed in the questions. All identified issues were either acknowledged, fixed, or deemed not to be directly exploitable."
Data Analytics,8009b2e,https://hacken.io/audits/sock/,https://wp.hacken.io/wp-content/uploads/2023/12/Sock_SC-Audit-Report_05122023_SA-2073.pdf,Ethereum,FALSE,TRUE,FALSE,FALSE,FALSE,FALSE,FALSE,FALSE,FALSE,TRUE,FALSE,FALSE,FALSE,FALSE,FALSE,FALSE,FALSE,FALSE,FALSE,FALSE,FALSE,FALSE,TRUE,FALSE,FALSE,FALSE,FALSE,FALSE,FALSE,FALSE,FALSE,FALSE,"The smart contract has risks related to hidden ownership and the ability to take back ownership due to the absence of a constructor and assignment of admin roles (_sockOwner, _owner, and _recoveryOwner) in the SockOwnable contract. This issue means that these roles default to zero addresses and cannot be reassigned after deployment, which creates significant centralization risks and potential for misuse. This flaw was initially identified but later fixed by adding the necessary constructor and role assignments ."
Data Analytics,856cce0,https://hacken.io/research/,https://hacken.io/audits/sock/,Ethereum,FALSE,FALSE,FALSE,FALSE,FALSE,FALSE,FALSE,FALSE,FALSE,FALSE,FALSE,FALSE,FALSE,FALSE,FALSE,FALSE,FALSE,FALSE,FALSE,FALSE,FALSE,FALSE,TRUE,FALSE,TRUE,FALSE,FALSE,FALSE,FALSE,FALSE,FALSE,FALSE,"The smart contract exhibits centralized risks due to the use of roles such as the owner and manager, who have significant control over contract operations. This introduces a medium level of centralized risk, as these roles can modify contract behavior. However, the presence of these centralized roles also presents a low level of centralized risk, as their permissions and actions are explicitly defined and limited. It is crucial to maintain proper role management and restrict access to these privileged roles to mitigate these risks effectively ."
Data Analytics,3e2f867,https://hacken.io/research/,https://hacken.io/audits/sock/,Ethereum,FALSE,FALSE,FALSE,FALSE,FALSE,FALSE,FALSE,FALSE,FALSE,FALSE,FALSE,FALSE,FALSE,FALSE,FALSE,FALSE,FALSE,FALSE,FALSE,FALSE,FALSE,FALSE,FALSE,FALSE,FALSE,FALSE,FALSE,FALSE,FALSE,FALSE,FALSE,FALSE,"None of the risk tags were marked true based on the audit report. The smart contract appears to have no critical, high, medium, or specific low-severity risks that fall under the categories listed in the questions. All identified issues were either acknowledged, fixed, or deemed not to be directly exploitable"
Data Analytics,a935e276f5620b40802b52721e3474232e458f72,https://blog.openzeppelin.com/optimism-smart-contracts-audit,https://www.openzeppelin.com/,Optimism,FALSE,FALSE,FALSE,FALSE,FALSE,FALSE,FALSE,FALSE,FALSE,FALSE,FALSE,FALSE,FALSE,FALSE,FALSE,FALSE,FALSE,FALSE,FALSE,FALSE,FALSE,FALSE,FALSE,FALSE,FALSE,FALSE,FALSE,FALSE,FALSE,FALSE,FALSE,FALSE,"The smart contract reviewed does not exhibit any of the specified risks. Each aspect, from ownership transparency to potential vulnerabilities like reentrancy and incorrect inheritance, has been carefully assessed. The contract adheres to best practices and does not present risks associated with hidden ownership, anti-whale mechanisms, honeypot traps, or centralized control. All parameters and operations align with the intended secure and transparent functionality, ensuring that no security issues or exploitable flaws are present. The detailed assessment reflects a robust and secure implementation."
Data Analytics,4204075301856f7412f07746c937343fb31cb7b8,https://consensys.io/diligence/audits/2024/04/tezoro-snap/,https://consensys.io/diligence/research/,Ethereum,FALSE,FALSE,FALSE,FALSE,FALSE,FALSE,FALSE,FALSE,FALSE,FALSE,FALSE,FALSE,FALSE,FALSE,FALSE,FALSE,FALSE,FALSE,FALSE,FALSE,FALSE,FALSE,FALSE,FALSE,FALSE,FALSE,FALSE,FALSE,FALSE,FALSE,FALSE,FALSE,"The audit for Tezoro Snap reveals no risks that are marked as true. The smart contract has been evaluated thoroughly, and all identified issues were addressed and fixed. The smart contract adheres to best practices, ensuring transparency, security, and correct functionality. The audit identified and resolved critical, major, and medium issues such as the lack of origin checks on RPC requests, flawed asset price returns, inaccurate return values, potential notification floods, and user consent prompts. Minor issues such as unnecessary return values, potential markdown injections, and external/user input sanitization were also fixed, ensuring a secure and reliable implementation of the Tezoro Snap. The comprehensive resolution of these issues demonstrates the smart contract's robust security and proper operation within its intended scope."
Data Analytics,606577457191973b46034602f46ddcc130a5c0ac,https://consensys.io/diligence/audits/2021/03/optimism-safetychecker/,https://consensys.io/,Optimism,FALSE,FALSE,FALSE,FALSE,FALSE,FALSE,FALSE,FALSE,FALSE,FALSE,FALSE,FALSE,FALSE,FALSE,FALSE,FALSE,FALSE,FALSE,FALSE,FALSE,FALSE,FALSE,FALSE,FALSE,FALSE,FALSE,FALSE,FALSE,FALSE,FALSE,FALSE,FALSE,"The audit for the Optimism SafetyChecker smart contract reveals no risks that are marked as true. The smart contract has been evaluated thoroughly, and all identified issues were addressed and fixed. The smart contract adheres to best practices, ensuring transparency, security, and correct functionality. The audit involved differential fuzzing to ensure the SafetyChecker's correctness and alignment with its specification. The identified issues, such as lack of origin checks, flawed asset price returns, inaccurate return values, and potential user notification floods, were addressed and fixed. Minor issues, including unnecessary return values and potential markdown injections, were also resolved. The comprehensive resolution of these issues demonstrates the smart contract's robust security and proper operation within its intended scope."
Data Analytics,611944163831a8cea5faf02213b260ba3f7a8714,https://hacken.io/audits/fintropy/,https://wp.hacken.io/wp-content/uploads/2021/10/Fintropy_14102021SCAudit_Report.pdf,Ethereum,FALSE,FALSE,FALSE,FALSE,FALSE,FALSE,FALSE,FALSE,FALSE,FALSE,FALSE,FALSE,FALSE,FALSE,FALSE,FALSE,FALSE,FALSE,FALSE,FALSE,FALSE,FALSE,TRUE,FALSE,TRUE,FALSE,TRUE,FALSE,FALSE,FALSE,FALSE,FALSE,"external_dependencies: This statement is true because the report mentions using external tools called Mythril and Slither to analyze the code. These tools are separate from the code itself and add an external dependency.  centralized_risk_medium: This is true because the audit identified vulnerabilities. The report details 2 issues classified as medium severity. These vulnerabilities represent a moderate risk that needs to be addressed. centralized_risk_low: Similar to the previous point, the report found vulnerabilities. Here, it identified 2 issues with a low severity rating. These vulnerabilities are considered less critical but should still be addressed for improved security."
Data Analytics,12a41a194f39670637d79ef2c5bcc6a70d617781,https://hacken.io/audits/nimbus/,https://wp.hacken.io/wp-content/uploads/2021/07/16072021_Nimbus_dApps_Audit_Report.pdf,Ethereum,FALSE,FALSE,FALSE,FALSE,FALSE,FALSE,FALSE,FALSE,FALSE,FALSE,FALSE,FALSE,FALSE,FALSE,FALSE,FALSE,FALSE,FALSE,FALSE,FALSE,FALSE,FALSE,TRUE,FALSE,TRUE,FALSE,TRUE,TRUE,FALSE,FALSE,FALSE,FALSE,"external_dependencies : The audit mentions using static analysis tools like Mythril and Slither. These tools work on the code itself, implying external libraries are present. The report also suggests removing local copies of OpenZeppelin libraries and using them directly. This confirms the use of external dependencies. Centralized Risk_Medium: The Audit Overview section clearly states that after the second review, the code contains 2 medium severity issues. Medium severity vulnerabilities are considered important to fix, indicating some centralized risk. Centralized Risk_Low : Similar to the medium severity issues, the report mentions finding 6 low severity issues after the second review. While less critical, these findings still contribute to some level of centralized risk. Immutable_States: The report doesn't explicitly state the use of immutable states. However, secure coding practices often recommend them. Since the audit mentions best practices being followed, there's a chance immutable states are implemented."
Data Analytics,3c6189c3d9e5dede594111b97c570d4e80808e2f,https://hacken.io/audits/winding-tree/,https://storage.googleapis.com/audits-old/pdf/WindingTree_15092021SCAudit_Report_2.pdf,Ethereum,FALSE,FALSE,FALSE,FALSE,FALSE,FALSE,FALSE,FALSE,FALSE,FALSE,FALSE,FALSE,FALSE,FALSE,FALSE,FALSE,FALSE,FALSE,FALSE,TRUE,FALSE,FALSE,FALSE,FALSE,TRUE,FALSE,TRUE,FALSE,FALSE,FALSE,FALSE,FALSE,"External Dependencies:Similar to the previous report, static analysis tools like Mythril and Slither require the code itself and potentially external libraries to function. The mention of these tools suggests external dependencies are present. Centralized Risk_Low: The Audit Overview section states that after the second review, all issues were resolved. The identified issues were only 2 low severity issues.The severity definitions clearly explain that low-level vulnerabilities have minimal impact on execution and don't lead to asset loss. Since only these low-level issues were found, the centralized risk is considered low.    reusing_state_variable: The report mentions an issue with reading a state variable multiple times and recommends using a local variable instead, indicating state variables were being reused inefficiently."
Data Analytics,0x15B543e986b8c34074DFc9901136d9355a537e7E,https://hacken.io/audits/studentcoin/,https://wp.hacken.io/wp-content/uploads/2021/04/080421StudentCoin_SC_Audit_Report.pdf,Ethereum,FALSE,FALSE,FALSE,FALSE,FALSE,FALSE,FALSE,FALSE,FALSE,FALSE,FALSE,FALSE,FALSE,FALSE,FALSE,FALSE,FALSE,FALSE,FALSE,FALSE,FALSE,FALSE,TRUE,FALSE,FALSE,FALSE,TRUE,FALSE,FALSE,FALSE,FALSE,FALSE,"external_dependencies: The report mentions using static analysis tools like Mythril and Slither. These tools work on the code itself, but often require external libraries for analysis. While the specific libraries aren't mentioned, the report's reliance on these tools suggests external dependencies exist. centralized_risk_medium: The Audit Overview section clearly states that one medium severity issue was found during the audit. The provided severity definitions explain that medium vulnerabilities are important to fix, indicating some degree of centralized risk - batchTransfer function has a costly loop."
Data Analytics,4e266c3a6ccf225e40ad479fdba21c95b0fc952f,https://hacken.io/audits/breederdao/,https://wp.hacken.io/wp-content/uploads/2022/04/BreederDAO_14.04.2022_SC_Audit_Report2.pdf,Ethereum,FALSE,FALSE,FALSE,FALSE,FALSE,FALSE,FALSE,FALSE,FALSE,TRUE,FALSE,FALSE,FALSE,FALSE,FALSE,FALSE,FALSE,FALSE,FALSE,FALSE,FALSE,FALSE,FALSE,FALSE,TRUE,FALSE,FALSE,FALSE,FALSE,FALSE,TRUE,FALSE,"centralized_risk_low: The Findings section categorizes all identified issues. It reports only one issue with a severity of Low. The provided severity definitions explain that low-level vulnerabilities have minimal impact on execution and don't lead to asset loss. Since only this low-level issue was found, the centralized risk is considered low. shadowing_local : The Findings section under Low severity mentions Local variable shadowing. Local variable shadowing occurs when a local variable has the same name as another variable in its scope, potentially leading to confusion and unintended behavior. While it doesn't directly compromise security, it can cause unexpected results during future development and is therefore considered a valid finding.                                                                    can_take_back_ownership: The audit mentions that the owner can revoke a vesting and take back unvested money, although rewards earned up to that moment would still be available. This implies that the owner has control over ownership-related actions within the contract."
Data Analytics,06aa6826e6eaf4ebddb62c8fa4b3c1db8d0139e5,https://hacken.io/audits/sylo/,https://wp.hacken.io/wp-content/uploads/2021/07/Sylo_07072021SC_Audit_Report.pdf,Ethereum,FALSE,FALSE,FALSE,FALSE,FALSE,FALSE,FALSE,FALSE,FALSE,FALSE,FALSE,FALSE,FALSE,FALSE,FALSE,FALSE,FALSE,FALSE,FALSE,FALSE,FALSE,FALSE,TRUE,FALSE,FALSE,FALSE,TRUE,TRUE,FALSE,FALSE,FALSE,TRUE,"centralized_risk_medium: This is true because the audit report mentions a high-level vulnerability: High-level vulnerabilities are difficult to exploit; however, they also have a significant impact on smart contract execution, e.g., public access to crucial functions. This indicates that there is a risk related to centralized control or access to important functions within the smart contract. external_dependencies: True because the report mentions the use of static analysis tools, which implies that the smart contract relies on external dependencies for its analysis. These dependencies could introduce risks if they are not properly managed or if they contain vulnerabilities. immutable_states: immutable states are mentioned in the technical disclaimer, stating that smart contracts are deployed and executed on a blockchain platform where the platform, its programming language, and other software related to the smart contract can have vulnerabilities that can lead to hacks. Immutable states imply that once deployed, the state of the smart contract cannot be altered, which is a characteristic of blockchain technology. events_maths: Events related to mathematical operations could potentially be vulnerable to issues such as integer overflow or underflow, which could lead to unexpected behavior or vulnerabilities. The audit report mentions security vulnerabilities and issues in the reviewed code, indicating that there may be risks associated with mathematical operations within the smart contract."
Data Analytics,adf31a6ff8d67081704611ba5528897ca5e88ba4,https://hacken.io/audits/bepro/,https://wp.hacken.io/wp-content/uploads/2022/09/TAIKAI-S.A._19072022_SCAudit_Report.pdf,Ethereum,FALSE,FALSE,FALSE,FALSE,FALSE,FALSE,FALSE,FALSE,FALSE,FALSE,FALSE,FALSE,FALSE,FALSE,FALSE,FALSE,FALSE,FALSE,FALSE,FALSE,FALSE,FALSE,TRUE,FALSE,FALSE,FALSE,TRUE,TRUE,TRUE,FALSE,FALSE,TRUE,"centralized_risk_medium: The audit mentions vulnerabilities such as incorrect validation, unauthorized access, and redundant require statements, indicating a medium level of risk due to potential centralized control or access issues within the smart contracts. external_dependencies: True because the audit report mentions the use of imports in the contracts, indicating reliance on external dependencies, which can introduce vulnerabilities if not properly managed. immutable_states: Immutable states are inherent to blockchain technology, and the technical disclaimer acknowledges that smart contracts are deployed and executed on a blockchain platform, indicating that their states cannot be altered after deployment. reentrancy_without_eth_transfer: The report mentions the use of contracts extending ReentrancyGuardOptimized or ReentrancyGuard without utilizing their functionality, suggesting a risk related to reentrancy vulnerabilities. events_maths: The audit report mentions missing event emissions for critical state changes, which could impact tracking off-chain, indicating a risk related to events handling and mathematics in the contract."
Data Analytics,76f8469c97c0052a7217cb29e42d80dbc4806e52,https://hacken.io/audits/wrapped-millix/,https://wp.hacken.io/wp-content/uploads/2023/03/Millix_Foundation_SC-Audit-Report_01_03_2023_SA-1017.docx.pdf,Ethereum,FALSE,FALSE,FALSE,FALSE,FALSE,FALSE,FALSE,FALSE,FALSE,FALSE,FALSE,FALSE,FALSE,FALSE,FALSE,FALSE,FALSE,FALSE,FALSE,FALSE,FALSE,FALSE,TRUE,FALSE,TRUE,TRUE,FALSE,TRUE,FALSE,FALSE,FALSE,TRUE,"centralized_risk_medium:The audit identifies that the owner role has highly permissive access, allowing them to stop token transfers for any specific address or for all addresses. This level of control by the owner over crucial functionalities poses a medium level risk because it centralizes power and control within the contract, potentially leading to issues such as censorship or misuse of funds. immutable_states:The audit mentions issues related to contract state changes and event emissions. In blockchain terms, immutability refers to the inability to change historical data once it's been recorded on the blockchain. Any changes to the contract state or events emitted could potentially undermine this immutability, impacting the reliability and trustworthiness of the contract. events_maths:The audit highlights missing event emissions on critical state changes. Events play a crucial role in blockchain applications for tracking and monitoring changes to the contract state. Missing event emissions could hinder the off-chain tracking of important state changes, potentially leading to inconsistencies or difficulties in monitoring the contract's behavior. centralized_risk_low:The Findings section categorizes all identified issues. It lists mostly issues with a severity of Low. The provided severity definitions explain that low-level vulnerabilities have minimal impact on execution and don't lead to asset loss. Since most issues are low severity, the centralized risk is considered low.  event_setter :The Findings section under Medium severity mentions Missing Events (M04). Events are a way for smart contracts to communicate with external applications. The finding indicates missing functionality related to setting or emitting events, suggesting the contract could benefit from event setters."
Data Analytics,0b76f7fb519e34b878aa1d58cffc8d8dc0572c12,https://www.openzeppelin.com,https://blog.openzeppelin.com/saddle-contracts-audit,Ethereum,FALSE,FALSE,FALSE,FALSE,FALSE,FALSE,FALSE,FALSE,FALSE,FALSE,FALSE,FALSE,FALSE,FALSE,FALSE,FALSE,FALSE,FALSE,FALSE,FALSE,FALSE,FALSE,TRUE,FALSE,TRUE,TRUE,FALSE,FALSE,FALSE,FALSE,FALSE,TRUE,"centralized_risk_medium: This statement is true because the audit identifies the presence of an Owner role with highly permissive access within the contract, which can pause the contract and update various protocol parameters. This centralized control poses a medium level risk, as it centralizes power and control within the contract. events_maths: This statement is true because the audit highlights instances where mathematical calculations in the Saddle contracts may result in less precision compared to the Curve equivalents due to the order of operations. The audit specifically mentions how division truncates in the EVM, causing precision loss, which affects mathematical accuracy in certain calculations.                       centralized_risk_low: As stated in the System Overview, the report found a number of Medium and Low severity issues, although no High or Critical vulnerabilities were found. This indicates that the most concerning vulnerabilities (High or Critical) are absent, leading to a lower overall risk assessment. event_setter: The Findings section under Medium severity mentions Missing Events (M04). Events are a way for smart contracts to communicate with external applications. Since the finding points to missing functionality related to setting or emitting events, it suggests the contract would benefit from including event setters."
Data Analytics,57f192ff4c4f1c8e8fbb99c60757f0327d76716c,https://hacken.io/research/,https://wp.hacken.io/wp-content/uploads/2022/06/Bolide-Farming_07072022_SCAudit_Report_4.pdf,Ethereum,FALSE,FALSE,FALSE,FALSE,FALSE,FALSE,FALSE,FALSE,FALSE,TRUE,FALSE,FALSE,FALSE,FALSE,FALSE,FALSE,FALSE,FALSE,FALSE,FALSE,FALSE,FALSE,TRUE,FALSE,TRUE,FALSE,FALSE,FALSE,FALSE,FALSE,FALSE,FALSE,"centralized_risk_low: This is true because the findings mention an inefficiency where an assignment happens even when not needed. This doesn't directly impact control of the contract but indicates potential for improvement in code structure. centralized_risk_medium: This is true because the original report identified an issue where the owner has significant control over the contract without community involvement. This has since been fixed by moving ownership to a Timelock contract, introducing a delay before changes can be made.                                         can_take_back_ownership: This statement suggests that the contract allows the owner to take back ownership. This means that the owner has the capability to transfer ownership of the contract to another address and can also reclaim ownership if needed. This feature could be useful for situations where the ownership needs to be transferred temporarily for maintenance or administrative purposes."
Data Analytics,086b7ee4c329db725358a0b8c45ee73d7dcb5f8a,https://hacken.io/case-studies/case-study-smart-contract-audit-for-itheum/,https://hacken.io/case-studies/,Ethereum,FALSE,FALSE,FALSE,FALSE,FALSE,FALSE,FALSE,FALSE,FALSE,FALSE,FALSE,FALSE,FALSE,FALSE,FALSE,FALSE,FALSE,FALSE,FALSE,FALSE,FALSE,FALSE,FALSE,FALSE,FALSE,FALSE,FALSE,FALSE,FALSE,FALSE,FALSE,FALSE,It actually didn't have any risks attached as the issues Hacken found were all medium and low level and could not lead to asset loss or data manipulations as well as their smart contract getting a 10/10 score to prove this.
Data Analytics,c5d2460186f7233c927e7db2dcc703c0e500b653ca82273b7bfad8045d85a470,https://www.halborn.com/audits/aragon/aragonos-smart-contract-security-assessment-1,https://www.halborn.com/audits/,Ethereum,FALSE,FALSE,FALSE,FALSE,FALSE,FALSE,FALSE,FALSE,FALSE,FALSE,FALSE,FALSE,TRUE,FALSE,FALSE,FALSE,FALSE,TRUE,TRUE,FALSE,FALSE,FALSE,FALSE,FALSE,FALSE,FALSE,TRUE,FALSE,FALSE,FALSE,FALSE,FALSE,"I marked external dependancies because it states that installing or upgrading a plugin without prior validation can lead to the contract and DAO being nonfunctional which adds risk, also exploitation because in 8.3 it states that bots could constantly scan the blockchain for the opportunity to profit from the fact that the same proof and same merkle root can be used for any token"
Data Analytics,0x3C5c2F4bCeC51a36494682f91Dbc6cA7c63B514C,https://rekt.news/curio-rekt/,https://rekt.news/,Ethereum,FALSE,FALSE,FALSE,FALSE,FALSE,FALSE,FALSE,TRUE,FALSE,FALSE,FALSE,FALSE,FALSE,FALSE,FALSE,FALSE,FALSE,TRUE,TRUE,FALSE,FALSE,FALSE,TRUE,TRUE,TRUE,FALSE,FALSE,FALSE,FALSE,FALSE,FALSE,FALSE,"The attacker leveraged this vulnerability by acquiring a small number of CGT tokens, thereby gaining access to elevate their voting power within the project’s contract. The CurioDAO exploit incident illustrates several critical risks. The attacker exploited a vulnerability in the smart contract's voting protocol, highlighting exploitation and the severe impact of centralized risk high as they gained significant control by manipulating voting power with minimal tokens. The use of cross-chain transfers and token swaps to obscure the trail of minted tokens underlines external dependencies. The reliance on internal security measures without external audits underscores the risks associated with inadequate security practices. The inherent flaws in the contract design, which allowed for the exploit, exemplify bad contract risks. The decision to issue a new token (CGT 2.0) to mitigate the exploit reflects reclaim ownership and the necessity of addressing vulnerabilities in the original token. This incident emphasizes the importance of robust security measures and external audits in preventing such exploits."
Data Analytics,bc4b5dd,https://hacken.io/case-studies/dexalot-dex-smart-contracts-audited-by-hacken/,https://hacken.io/audits/,Arbitrum,FALSE,FALSE,FALSE,FALSE,FALSE,FALSE,FALSE,FALSE,FALSE,FALSE,FALSE,FALSE,FALSE,FALSE,FALSE,FALSE,FALSE,FALSE,FALSE,FALSE,FALSE,FALSE,FALSE,TRUE,FALSE,FALSE,TRUE,FALSE,FALSE,FALSE,FALSE,TRUE,"**Note: This smart contract is on the Avalanche blockchain however, it was not one of the options that could be selected. Here is a summary of all the risk tags found for the Dexalot DEX smart contract: External dependencies: The swapping process depends on an off-chain REST API for generating signed quotes. Since this API is outside the audit scope, its security cannot be guaranteed, posing potential risks if it is compromised or malfunctions. Centralized risk high: The use of swapSigner and rebalancer roles, as well as a default admin with extensive control, can introduce centralization risks if these roles are misused or if the responsible entities make poor decisions. These roles have significant privileges, such as creating signatures, rebalancing inventory, managing addresses, and pausing the contract, which can affect the system's overall decentralization and security. Events maths: Discusses Solidity style guidelines for organizing contract elements, emphasizing the importance of event handling and proper code structure. By following these guidelines, developers can improve code readability and facilitate tracking of contract activities. The Events maths risk tag applies here as it relates to the correct placement and management of events within the contract, contributing to better code comprehension and overall quality. Proper organization of events helps monitor and respond to various activities, reducing risks associated with event mishandling."
Data Analytics,e206dd2ed5aa24cf1f86990b875c6b1577be25e2,https://chainsecurity.com/security-audit/polymarket-negriskadapter/,https://chainsecurity.com/,Ethereum,FALSE,FALSE,FALSE,FALSE,FALSE,FALSE,FALSE,FALSE,FALSE,FALSE,FALSE,FALSE,FALSE,TRUE,FALSE,FALSE,FALSE,FALSE,FALSE,FALSE,FALSE,FALSE,FALSE,FALSE,FALSE,FALSE,FALSE,FALSE,FALSE,FALSE,FALSE,FALSE,"Trusted: Admins have the power to flag and resolve questions differently after the oracle has reported an outcome. This requires a high level of trust in the admins to act fairly and in the best interest of all users. This trust in the admin's discretion creates a central point of control and potential vulnerability. If the admins act maliciously or make incorrect decisions, it can negatively impact users' positions and the overall integrity of the market."
Data Analytics,698ec5c43bb76f3ccf850d229561e3e900e9c2b8,https://chainsecurity.com/security-audit/makerdao-d3m-erc-4626/,https://chainsecurity.com/,Ethereum,FALSE,FALSE,FALSE,FALSE,FALSE,FALSE,FALSE,FALSE,FALSE,FALSE,FALSE,FALSE,FALSE,FALSE,FALSE,FALSE,FALSE,FALSE,TRUE,FALSE,FALSE,FALSE,FALSE,FALSE,FALSE,FALSE,FALSE,FALSE,FALSE,FALSE,FALSE,FALSE,"Bad contract: The Metamorpho contract has a function called maxDeposit() that calculates how much money can be deposited. However, this function sometimes calculates a number that is too high. Because of this mistake, another part of the system (called D3M) might try to deposit more money than it actually can. When this happens, the transaction fails and stops other deposits from happening temporarily."
Data Analytics,f13e0898f3e9005bcae01f39fbc1f222528e8382,https://hacken.io/case-studies/dexalot-dex-smart-contracts-audited-by-hacken/,https://hacken.io/audits/,Arbitrum,FALSE,FALSE,FALSE,FALSE,FALSE,FALSE,FALSE,FALSE,FALSE,FALSE,FALSE,FALSE,FALSE,FALSE,FALSE,FALSE,FALSE,FALSE,FALSE,FALSE,FALSE,FALSE,FALSE,TRUE,FALSE,FALSE,TRUE,FALSE,FALSE,FALSE,FALSE,TRUE,"**The Blockchain for this project is on Avalanche External dependencies: The system's swapping function relies on an off-chain REST API for generating signed quotes. As this API is not included in the audit scope, its security cannot be guaranteed. This poses potential risks in case the API is compromised or experiences operational issues. Centralized risk high: The use of roles like swapSigner and rebalancer, along with a default admin having extensive control, may introduce centralization risks. Misuse of these roles or poor decision-making by the responsible entities could negatively affect the system's overall decentralization and security. The significant privileges assigned to these roles, including signature creation, inventory rebalancing, address management, and contract pausing abilities, require careful management. Events maths: This highlights the importance of following Solidity style guidelines for organizing contract elements, with a focus on event handling and code structure. Adhering to these guidelines improves code readability and simplifies the tracking of contract activities. The Events maths risk tag is relevant here as it emphasizes proper event placement and management within the contract to enhance code comprehension and overall quality. Organizing events efficiently helps monitor and respond to various activities, reducing risks associated with event mishandling."
Data Analytics,7fb5569,https://www.halborn.com/audits/moonwell/moonwell-mtoken-fixes,https://www.halborn.com/audits,Ethereum,FALSE,FALSE,FALSE,FALSE,FALSE,FALSE,FALSE,FALSE,FALSE,FALSE,FALSE,FALSE,FALSE,FALSE,FALSE,FALSE,FALSE,FALSE,FALSE,FALSE,FALSE,FALSE,FALSE,FALSE,FALSE,TRUE,FALSE,FALSE,FALSE,FALSE,FALSE,FALSE,There is no index keyword set to indicate that of the declaration of the event in the code
Data Analytics,4b4e188ba83d28b5dd6ff66479e7448e5b925030,https://chainsecurity.com/security-audit/limited-review-vyper-compiler-modules/,https://chainsecurity.com/smart-contract-audit-reports/,Polygon,FALSE,FALSE,FALSE,FALSE,FALSE,FALSE,FALSE,TRUE,FALSE,FALSE,FALSE,FALSE,FALSE,FALSE,FALSE,FALSE,FALSE,FALSE,FALSE,FALSE,TRUE,FALSE,FALSE,FALSE,FALSE,FALSE,FALSE,FALSE,FALSE,FALSE,FALSE,FALSE,"However, if the loop iterator is a signed integer, the check is not always true because le here compares an unsigned integer rather than a signed one. This means that if the iterator type is int256, the loop can overflow 256 bits if end is negative and star is positive."
Data Analytics,879dc8b911fc506dd6bead1f36eade919ccfea57,https://consensys.io/diligence/audits/2021/03/pooltogether-pods/,https://consensys.io/,Ethereum,FALSE,FALSE,FALSE,FALSE,FALSE,FALSE,FALSE,FALSE,FALSE,TRUE,FALSE,FALSE,FALSE,FALSE,FALSE,FALSE,FALSE,FALSE,TRUE,FALSE,FALSE,FALSE,FALSE,TRUE,FALSE,FALSE,TRUE,TRUE,TRUE,TRUE,FALSE,FALSE,"Here is a summary of the risk tags found in PoolTogether - Pods: External dependencies: The swapping process depends on an off-chain REST API for generating signed quotes, which is outside the audit scope. This reliance introduces potential risks if the API is compromised or malfunctions. Centralized risk high: The use of swapSigner and rebalancer roles, along with a default admin with extensive control, introduces centralization risks. Misuse of these roles or poor decisions by the responsible entities could significantly impact the system's security and functionality. Token transfers in the code do not properly verify return values, potentially leading to incorrect handling of transfer failures and loss of funds. During withdrawal from the pool, users cannot control or limit fees, leading to potential centralized risks with unexpected or excessive fees. Immutable states: The TokenDrop.initialize() function, being unprotected and callable multiple times, risks introducing inconsistencies or creating opportunities for manipulation. Reentrancy without eth transfer: In the Pod contract, reentrancy during deposit or withdrawal allows attackers to mint more tokens than intended, risking fund drainage. The TokenDrop contract's claim function has a reentrancy issue that can lead to the incorrect handling of token transfers, potentially causing a freeze in the contract and affecting all token transfers. Incorrect inheritance order: The Pod contract's handling of multiple TokenDrops with inconsistent asset and measure tokens may lead to confusion and potential misuse due to incorrect inheritance of properties. Bad Contract: The ProxyFactory.deployMinimal() function fails to check for potential issues during contract creation, risking the return of a nonzero address without containing any code, leading to unexpected behavior. Reclaim Ownership: The Pod.setManager() function's incorrect validation of the manager address allows the owner to potentially reclaim control over the smart contract, posing risks of rug pulls or other scams."
Data Analytics,0dfe2caf3a2a7a1b16aff26434f78f0b29491c06,https://consensys.io/diligence/audits/2021/02/daofi/#token-approvals-can-be-stolen-in-daofiv1router01addliquidity,https://consensys.io/,Ethereum,FALSE,FALSE,FALSE,FALSE,FALSE,FALSE,FALSE,FALSE,FALSE,TRUE,FALSE,FALSE,FALSE,FALSE,TRUE,TRUE,FALSE,TRUE,TRUE,FALSE,FALSE,FALSE,TRUE,TRUE,FALSE,FALSE,FALSE,FALSE,FALSE,TRUE,FALSE,FALSE,"Here is a summary of the risk tags found in DAOfi: Risk Tag: Incorrect inheritance order Incorrect or outdated comments can cause confusion about the inheritance order of variables, potentially leading to development, maintenance, or auditing errors. Risk Tag: Centralized risk medium Reliance on an external factory contract introduces a medium level of centralized risk, as operational issues or compromises in the factory can lead to potential problems. Removing unnecessary calls can help mitigate this risk. Risk Tag: Deceptive Token Incompatibility with rebasing or fee-on-transfer tokens can mislead users about token value or utility. Clear communication about these incompatibilities is crucial to prevent misuse and financial losses. Inconsistency in supporting tokens without a return value between removeLiquidityETH() and the rest of the system can cause issues with deceptive tokens, potentially leading to errors or excessive gas consumption. Ensuring consistent token compatibility is crucial to prevent these issues. Risk Tag: Exploitation Insufficient testing and validation of complex mathematical operations can create vulnerabilities. Additional tests and validation are necessary to prevent exploitation due to incorrect calculations. Improper handling of token decimal conversions can cause incorrect calculations and failure of critical operations, such as swaps, allowing the pairOwner to withdraw incorrect amounts and leading to potential user fund losses. Ensuring proper decimal conversion logic is essential. Risk Tag: Reclaim Ownership Lack of address validation for token transfers in DAOfiV1Router01.addLiquidity() allows attackers to steal token approvals and add liquidity, enabling them to withdraw stolen funds. Proper validation mechanisms should be implemented. Without proper validation, attackers can front-run the creation of a new pair, becoming the pairOwner and stealing deposited funds. Implementing access controls and validation mechanisms can prevent this risk. Allowing zero deposits enables malicious users to lock the pool, making it inaccessible and potentially allowing them to reclaim ownership or steal funds. Proper validation checks for nonzero deposits can help mitigate this risk. Risk Tag: Bad Contract Incorrect calculation in swapExactTokensForETH due to a wrong return value check can cause unexpected behavior or incorrect swap results. This issue highlights poor contract design or implementation, potentially leading to user fund losses. Risk Tag: Centralized risk high Dependence on a centralized Router contract creates a high level of risk, as vulnerabilities in the Router can impact all pair contracts, potentially locking user funds. Decentralizing control or implementing proper access controls can reduce this risk. Risk Tag: Whitelisting The limited combination of parameters and the ability for malicious actors to front-run deployments can easily block legitimate pair contracts. Implementing a whitelisting mechanism for authorized deployers or adding rate-limiting can help mitigate this risk."
Data Analytics,55ba306582a007b6e0f9c35bdba92a94dc85829c,https://consensys.io/diligence/audits/2020/11/pillar/,https://consensys.io/,Ethereum,FALSE,FALSE,FALSE,FALSE,FALSE,FALSE,FALSE,FALSE,FALSE,TRUE,FALSE,FALSE,FALSE,TRUE,FALSE,FALSE,FALSE,TRUE,FALSE,FALSE,FALSE,FALSE,TRUE,TRUE,FALSE,TRUE,FALSE,FALSE,TRUE,TRUE,FALSE,FALSE,"Here is a summary of the risk tags found in Pillar: Reentrancy without eth transfer While no immediate risks were identified, implementing a re-entrancy guard can help prevent potential vulnerabilities caused by re-entrancy when interacting with external user-specified accounts or smart contracts. Event setter Adding error messages or codes to all require conditions enhances readability, aids debugging, and improves the handling of error events. This practice can help maintainers quickly identify and resolve issues when they occur. The lack of proper documentation and inline comments can make the codebase difficult to understand and maintain. Implementing the recommended documentation practices, such as using Solidity's natspec format, can improve readability and aid in identifying potential vulnerabilities or errors during code reviews. Centralized risk high The reliance on semi-trusted guardians introduces a high level of centralized risk. If a guardian turns malicious, it can lead to potential theft of funds through double-spending. Implementing additional checks and safeguards or decentralizing the trust model can help reduce this risk. Exploitation The absence of an account address in the meta transaction message exposes the system to potential exploitation, as a single transaction could be executed on multiple accounts owned by the same sender. Including the account address in the message can help prevent such vulnerabilities. The current withdrawal process involving multiple channels can be exploited by users who force other channel participants to commit their channels, resulting in a reset of the initial lockdown period for each user. This could potentially lead to economic loss or user frustration due to prolonged fund inaccessibility. Implementing a more secure and efficient withdrawal mechanism for multiple channels can help mitigate this risk. Guardian's collusion with senders can result in exploitation of the system, allowing senders to allocate more funds than their actual account balance. Strengthening the verification process and adding monitoring mechanisms can help prevent such exploitation attempts. The withdrawal process can be exploited if a user accidentally calls the function again before the initial 30-day period ends, leading to an extended waiting period. This can result in economic loss or user frustration due to prolonged fund inaccessibility. Implementing safeguards or an improved withdrawal mechanism can help mitigate this risk. The default use of ENS names can expose users' addresses and usernames, potentially compromising their privacy. This vulnerability could be exploited by malicious actors for targeted attacks or deanonymizing users. Implementing additional privacy measures or optional ENS name usage can help mitigate this risk. Reclaim Ownership The inconsistent handling of owner removal can result in privilege issues, where a supposedly removed owner may still retain access and control over the account. This could potentially lead to reclaiming ownership or stealing funds. Ensuring proper removal of owners and updating the relevant variables can help prevent such issues. Centralized risk medium The implementation of a lockdown period before allowing users to withdraw funds can potentially be manipulated or blocked, causing economic loss or denial of service. A malicious actor could use techniques like front-running to influence the withdrawal process or lock the funds in escrow for a prolonged period. This risk is categorized as a medium-level centralized risk due to its potential impact on users' fund accessibility. Implementing secure withdrawal mechanisms and monitoring for potential front-running or manipulation attempts can help mitigate this risk. The Gateway contract's ability to call any contract instead of only those implementing the GatewayRecipient interface can introduce a medium-level centralized risk. If the contract is misused or accessed by unauthorized entities, it could lead to unexpected or malicious contract interactions. Ensuring that the Gateway contract only interacts with intended contracts can help mitigate this risk. Trusted Trust placed in guardians can be exploited if they conspire with previous account owners, leading to potential theft of funds. Implementing additional checks, safeguards, or a more decentralized trust model can help reduce this risk. Incorrect inheritance order The unused input value in the _deployAccount() function could indicate an issue with the inheritance order or an oversight in the function's implementation. This might lead to potential vulnerabilities or unexpected behavior in the contract. Reviewing the inheritance structure and addressing the unused input value can help mitigate this risk. Incorrect or outdated comments can cause confusion about the inheritance order of variables, potentially leading to development, maintenance, or auditing errors."
Data Analytics,698ec5c43bb76f3ccf850d229561e3e900e9c2b8,https://chainsecurity.com/security-audit/makerdao-d3m-erc-4626/,https://chainsecurity.com/smart-contract-audit-reports/,Ethereum,FALSE,FALSE,FALSE,FALSE,FALSE,FALSE,FALSE,FALSE,FALSE,FALSE,FALSE,FALSE,FALSE,TRUE,FALSE,FALSE,FALSE,FALSE,FALSE,FALSE,FALSE,FALSE,FALSE,FALSE,TRUE,TRUE,TRUE,FALSE,FALSE,FALSE,FALSE,TRUE,"Trust list risk present due to the reliance on the trust model of the D3M core to behave benevolently Centralized risk low present because reliance is on the D3M hub to behave normally, and for Metamorpho to not allocate maliciously Event setter & math risk present because there is a function that allows for an overestimation of max assets that can be deposited, which ultimately can lead to a temporary Denial of Service  External dependency risk present due to reliance on D3M hub to behave as intended"
Data Analytics,fe50b45,https://hacken.io/case-studies/soul-society-audit/,https://hacken.io/audits/soul-society/,Ethereum,FALSE,FALSE,TRUE,FALSE,FALSE,FALSE,FALSE,TRUE,FALSE,FALSE,FALSE,FALSE,FALSE,FALSE,FALSE,FALSE,FALSE,TRUE,FALSE,FALSE,FALSE,FALSE,FALSE,FALSE,FALSE,FALSE,FALSE,FALSE,FALSE,FALSE,FALSE,FALSE,"The paperwork predicts a maximum total supply of 1,000,000,000. However, the implementation lacks the ability to limit the supply to the specified quantity. As a result, the owner can mint unlimited HON tokens."
Data Analytics,c66e52967d9ac4b7d54fde581924093c2ca62902,https://www.halborn.com/audits/bracket-fi/passage-smart-contract-security-assessment,https://www.halborn.com/audits,Ethereum,FALSE,FALSE,FALSE,FALSE,FALSE,FALSE,FALSE,FALSE,FALSE,FALSE,FALSE,FALSE,FALSE,FALSE,FALSE,FALSE,FALSE,TRUE,FALSE,FALSE,FALSE,FALSE,FALSE,FALSE,FALSE,FALSE,FALSE,FALSE,FALSE,FALSE,FALSE,FALSE,"A fault in the code indicates that if two parties share the same amount of BTC in a similar vault but one inputs an ether over the other, then the person will receive all their shares in the vault, while the other receives none."
Data Analytics,f29a0e26ae59ffdf34f62e69ae1c32c606d10fd3,https://wp.hacken.io/wp-content/uploads/2023/08/DeXe-Network_SC-Audit-Report_22052023SA-962.pdf,https://hacken.io/,Optimism,FALSE,TRUE,FALSE,FALSE,FALSE,FALSE,TRUE,FALSE,FALSE,FALSE,TRUE,FALSE,FALSE,FALSE,TRUE,TRUE,FALSE,TRUE,FALSE,FALSE,FALSE,FALSE,FALSE,FALSE,TRUE,FALSE,TRUE,FALSE,FALSE,FALSE,FALSE,FALSE,After looking over the smart contracts I've noticed a few vulnerabilities within the contract.
Data Analytics,1acd6901379bff6f7a59e63b0129d416a9f7161c,https://chainsecurity.com/security-audit/makerdao-kill-switch/,https://chainsecurity.com/,Ethereum,FALSE,FALSE,FALSE,FALSE,FALSE,FALSE,FALSE,FALSE,FALSE,FALSE,FALSE,FALSE,FALSE,FALSE,FALSE,FALSE,FALSE,FALSE,TRUE,FALSE,FALSE,FALSE,TRUE,TRUE,FALSE,FALSE,FALSE,FALSE,FALSE,FALSE,FALSE,FALSE,"Centralized risk medium: The Kill Switch feature in SparkLend is designed to stop new borrowing but still lets users add more collateral, repay loans, or withdraw their funds. This can usually be done by setting the Loan-to-Value (LTV) ratio to zero, which means the collateral can't be used to get more loans, but there's an easier way to do it by just turning off borrowing for each asset. When LTV is set to zero, any new collateral can't be used to back loans. This means users can only add to their existing collateral, not use new collateral. On the other hand, just turning off borrowing still allows users to add new collateral.  Centralized risk high: The KillSwitchOracle is a tool that goes through all the markets to stop any new borrowing. But there's a potential problem. If the governance (the group or process that makes decisions) has scheduled a plan to add a new asset or change the loan rules for an existing asset, this plan might still go through even after the Kill Switch has been activated. This is because of a feature called DSPause.exec(), which can execute these plans without needing permission again. Bad contract: The README says all borrowable assets are frozen, but only borrow-only assets actually get frozen. Additionally, there's a function called reset() that has a misleading description saying it resets everything, but it only resets a part of the contract."
Data Analytics,54f328458b21938c95dc965cb79b606258a0f9e9,https://chainsecurity.com/security-audit/makerdao-sparklend-freezer/,https://chainsecurity.com/,Ethereum,FALSE,FALSE,FALSE,FALSE,FALSE,FALSE,FALSE,FALSE,FALSE,FALSE,FALSE,FALSE,FALSE,FALSE,FALSE,FALSE,FALSE,FALSE,FALSE,FALSE,FALSE,FALSE,TRUE,FALSE,FALSE,FALSE,FALSE,FALSE,FALSE,FALSE,FALSE,FALSE,"Centralized risk medium: There's a problem with the SparkLend system where the address of the pool (a central part of the system) might not match the address set in the configurator (the tool used to set it up). If these addresses are different, a part of the system called SparkLendFreezerMom might not work correctly. This mismatch can create issues because the system relies on the correct address being used to function properly, and if it doesn't, the system could behave unexpectedly or fail."
Data Analytics,40df4afd20028e4ec4cd5be8382934727bb85e06,https://chainsecurity.com/security-audit/makerdao-sparklend-advanced/,https://chainsecurity.com/,Ethereum,FALSE,FALSE,FALSE,FALSE,FALSE,FALSE,FALSE,FALSE,FALSE,FALSE,FALSE,FALSE,FALSE,FALSE,FALSE,FALSE,FALSE,FALSE,FALSE,FALSE,FALSE,FALSE,FALSE,FALSE,FALSE,FALSE,TRUE,FALSE,FALSE,FALSE,FALSE,FALSE,"External dependencies: The CappedOracle function always returns a price with 8 decimal places, no matter what the actual source's decimal places are. This is a problem because if the source, like the Chainlink price oracle, has a different number of decimal places (like 18 for ETH pairs), it causes a mismatch. This means the prices calculated could be way off (either much higher than they should be or stuck at a maximum limit) because the system isn't using the correct number of decimal places. This dependency on the correct handling of decimal places from an external source (Chainlink) can lead to serious issues if not properly managed."
Data Analytics,b91c6fecabfda91cfa394132b3b58043f2e4ea3b,https://chainsecurity.com/security-audit/makerdao-psm-lite/,https://chainsecurity.com/,Ethereum,FALSE,FALSE,FALSE,FALSE,FALSE,FALSE,FALSE,FALSE,FALSE,FALSE,FALSE,FALSE,FALSE,FALSE,FALSE,FALSE,FALSE,TRUE,TRUE,FALSE,FALSE,FALSE,FALSE,FALSE,FALSE,FALSE,FALSE,FALSE,FALSE,FALSE,FALSE,FALSE,"Bad contract: - In the PSM initialization script (DssLitePsmInit.sol), there is a problem with how the class of the existing PSM (src.class) is reused to register the specific ilk for DssLitePsm (for example, for PSM-USDC, src.class==1). Unlike the existing PSM, DssLitePsm does not have auction modules and cannot be liquidated. This means that directly reusing src.class does not follow the correct specifications and can cause issues. - In the library DssLitePsmInit, there is a problem because it does not set up the vow for the newly deployed DssLitePsm. This means the accumulated fees can't be collected into the surplus buffer (chug()). - The specification of DssPocket says it Can grant or revoke infinite gem approvals. However, not all gem tokens see max(uint256) as truly unlimited. While it's unlikely to reach this limit, this difference can cause issues.  Exploitation: - The specification of fill() says Mints Dai into this contract up to buf value. This isn't completely accurate because the amount of DAI minted can be influenced by the current art of the urn and the amount of gem at the pocket, both of which can be manipulated. - In the VAT contract, anyone can repay debt for any urn using VAT.frob() without needing permission. This loophole can be exploited to mess with the system's accounting and create inconsistencies."
Data Analytics,9e6f75d,http://wp.hacken.io/wp-content/uploads/2023/12/Hacken_DOGELON_MARS_SCA_Dogelon_Mars_Token_Dec2023_P_2023_073_1.pdf,https://hacken.io/,Ethereum,FALSE,FALSE,FALSE,FALSE,FALSE,FALSE,FALSE,TRUE,FALSE,TRUE,FALSE,FALSE,FALSE,FALSE,FALSE,TRUE,FALSE,TRUE,FALSE,FALSE,FALSE,FALSE,FALSE,FALSE,FALSE,FALSE,TRUE,TRUE,FALSE,FALSE,FALSE,FALSE,After looking over at the data the risk that have been identified are within the document as well.
Data Analytics,0e95242dceab8815a44767f6ef2b20a693765e56,https://wp.hacken.io/wp-content/uploads/2023/12/Sock_SC-Audit-Report_05122023_SA-2073.pdf,https://hacken.io/audits/sock/,Ethereum,TRUE,FALSE,FALSE,FALSE,FALSE,FALSE,FALSE,FALSE,FALSE,FALSE,FALSE,FALSE,FALSE,FALSE,FALSE,FALSE,FALSE,FALSE,FALSE,FALSE,FALSE,FALSE,FALSE,FALSE,FALSE,FALSE,FALSE,FALSE,FALSE,FALSE,FALSE,FALSE,"none of risk tages are marked true because as a result of the audit, the code contains no issues. The security score is 10 out of 10. Initially, there were missing assignment of _sockOwner, _owner and _recoveryOwner roles, that could have led to risk of a lock situation because these mentioned roles have a default value of 0x0 and can not be changed. The role related operations will not be able to be performed by the contract creator and the roles will not be assigned to new addresses because the current authorized address is 0x0. This would have led to risk tag centralized_risk_high. However, they implemented a constructor() in SockOwnable, SockRegistryAccessManager or SockUserPermissions and assigning the provided addresses to the admin variables and conducting checks against addresses with the value 0x0. (Revised commit: 79c848d8)"
Data Analytics,f8d2d285df13dfc3c933266ff36905a5b0a8975e,https://wp.hacken.io/wp-content/uploads/2023/08/WhiteBit_L1_FinalReport_09082023.pdf,https://hacken.io/audits/,Ethereum,FALSE,FALSE,FALSE,FALSE,FALSE,FALSE,FALSE,FALSE,FALSE,FALSE,FALSE,FALSE,FALSE,TRUE,FALSE,FALSE,FALSE,FALSE,FALSE,FALSE,FALSE,FALSE,FALSE,FALSE,TRUE,FALSE,TRUE,FALSE,FALSE,FALSE,FALSE,FALSE,After looking over the data I found very few risk
Data Analytics,ddde802c194eecbd1a8670eb3be9629a5e700722,https://chainsecurity.com/wp-content/uploads/2023/08/Smart-Contract-Audit-Everstake-ETH-B2C-Staking-ChainSecurity.pdf,https://chainsecurity.com/smart-contract-audit-reports/,Ethereum,TRUE,TRUE,FALSE,FALSE,FALSE,FALSE,FALSE,FALSE,FALSE,TRUE,FALSE,FALSE,FALSE,FALSE,FALSE,FALSE,FALSE,TRUE,FALSE,FALSE,FALSE,FALSE,FALSE,FALSE,FALSE,FALSE,FALSE,FALSE,TRUE,FALSE,FALSE,FALSE,"Risk tags are marked true includes reentrancy_without_eth_transfer, exploitation, hidden_owner, can_take_back_ownership but they have been resolved in the updated version 4 in commit hash 35f9b56b038be82a31946bd6b02533ec16ddd228. The executive summary of the security audit for Everstake's ETH B2C Staking service highlights satisfactory security levels overall but identifies critical issues including the potential for system blockage due to validator replacement and the risk of accounting discrepancies affecting asset solvency. While documentation and testing have been improved, the report emphasizes the importance of a robust test suite and acknowledges that audits cannot uncover all vulnerabilities, emphasizing the need for complementary security measures."
Data Analytics,23b743e4bb60dd4ca8f4d6a18b5f7589354c6ab,https://wp.hacken.io/wp-content/uploads/2022/07/DeRace_17052022_SCAudit_SReport_2.pdf,https://hacken.io/,Ethereum,FALSE,FALSE,FALSE,FALSE,FALSE,FALSE,FALSE,FALSE,FALSE,TRUE,TRUE,FALSE,FALSE,FALSE,FALSE,TRUE,FALSE,FALSE,FALSE,FALSE,FALSE,FALSE,TRUE,FALSE,FALSE,FALSE,FALSE,FALSE,FALSE,FALSE,FALSE,FALSE,After looking over the document I only found a few issues.
Data Analytics,4f5cc91756b418cd0eb9eb733ca1c417698fc478,https://wp.hacken.io/wp-content/uploads/2022/01/%D0%A1onstitution-DAO_11012022Audit_Report.pdf,https://hacken.io/audits/page/70/,Ethereum,FALSE,TRUE,FALSE,FALSE,FALSE,FALSE,FALSE,FALSE,FALSE,TRUE,TRUE,FALSE,FALSE,FALSE,FALSE,TRUE,FALSE,FALSE,FALSE,TRUE,FALSE,FALSE,FALSE,TRUE,FALSE,FALSE,FALSE,TRUE,FALSE,FALSE,FALSE,FALSE,The documents viewed many issues within the contract.
Data Analytics,0x7259e152103756e1616A77Ae982353c3751A6a90,https://rekt.news/abra-rekt/,https://rekt.news/,Ethereum,FALSE,FALSE,FALSE,FALSE,FALSE,FALSE,FALSE,FALSE,FALSE,FALSE,FALSE,FALSE,FALSE,FALSE,FALSE,FALSE,FALSE,TRUE,FALSE,FALSE,FALSE,FALSE,FALSE,TRUE,FALSE,FALSE,TRUE,FALSE,FALSE,FALSE,FALSE,FALSE,"The Abracadabra exploit incident reveals multiple critical risk factors within the ecosystem. The attack leveraged a rounding issue in the CauldronV4 contract, leading to the manipulation of the borrow function and allowing the attacker to drain $6.5 million in MIM liquidity. This underscores the risk of exploitation, where vulnerabilities in smart contract code can be maliciously exploited. The need for the DAO treasury to intervene and buy back MIM to restore the peg highlights the centralized risk high, indicating that significant control and responsibility are placed on a central entity to mitigate damage. The exploit's root cause, a critical flaw in the CauldronV4 code, exemplifies bad contract risks, demonstrating how coding errors can lead to substantial financial losses. The extensive borrowing, repaying, and manipulation tactics used by the attacker effectively caused a self-destruct scenario for the stablecoin's peg, illustrating the self destruct risk. The incident also involved complex interactions with other systems and dependencies, such as flashloans and cross-platform transactions, pointing to external dependencies risks."
Data Analytics,3061501d3e028ae5274ddeb928fedd02d8135 b3a,https://chainsecurity.com/security-audit/yieldnest-protocol/,https://chainsecurity.com/wp-content/uploads/2024/05/ChainSecurity_YieldNest_YieldNest_Protocol_audit.pdf,Ethereum,FALSE,FALSE,FALSE,FALSE,FALSE,FALSE,FALSE,FALSE,FALSE,FALSE,FALSE,FALSE,TRUE,FALSE,FALSE,FALSE,FALSE,TRUE,TRUE,FALSE,FALSE,FALSE,TRUE,TRUE,TRUE,FALSE,FALSE,FALSE,FALSE,FALSE,FALSE,FALSE,"The analysis of the YieldNest Protocol identified several levels of centralized risk. High centralized risk is evident in functions like StakingNode.processWithdrawals, which can only be executed by an admin, centralizing significant control within a single entity. This dependency introduces a high level of risk due to the reliance on a single point of control for critical functions such as processing withdrawals. Moderate centralized risk is present in the enforced bootstrap deposit managed by a trusted address, which introduces a certain level of trust in the initial depositor. While this does not completely centralize control, it does require reliance on specific roles. Minimal centralized risks were identified in standard security enhancements such as preventing re-initialization of contracts and adding sanity checks to oracle prices. These improvements do not significantly increase centralized control but enhance overall system reliability and security. In summary, the identified risks range from high to low levels of centralization, with the most significant risks involving admin-controlled functions that centralize critical operational controls, thereby creating potential single points of failure. Moderate risks involve some level of trust in specific roles, while low risks focus on security enhancements."
Data Analytics,da3096efbc63148e0023f68f09ad47e9,https://chainsecurity.com/security-audit/htx-dao-htx-token/,https://chainsecurity.com/security-audit/,Ethereum,FALSE,FALSE,FALSE,FALSE,FALSE,FALSE,FALSE,FALSE,FALSE,FALSE,FALSE,FALSE,FALSE,FALSE,FALSE,FALSE,FALSE,FALSE,FALSE,FALSE,FALSE,FALSE,FALSE,FALSE,FALSE,FALSE,FALSE,FALSE,FALSE,FALSE,FALSE,FALSE,There were none
Data Analytics,6db52a3339df4df04b80cd545f100b093188b 15a,https://chainsecurity.com/security-audit/herodotus-on-starknet/,https://chainsecurity.com/blog/,Ethereum,FALSE,FALSE,FALSE,FALSE,FALSE,FALSE,FALSE,FALSE,FALSE,FALSE,FALSE,FALSE,FALSE,FALSE,FALSE,FALSE,FALSE,FALSE,FALSE,FALSE,FALSE,FALSE,TRUE,FALSE,FALSE,FALSE,FALSE,FALSE,TRUE,FALSE,FALSE,FALSE,"The contract evm facts registry functions get_account_field and get_account accept Ethereum addresses as input (felt252). Ethereum addresses are only 160 bits long, making them loosely regulated. If the upper 96 bits of the input are not zero, the internal get_account() function will revert when casting u256 to u64."
Data Analytics,9bc0c17afd6bed51cd9126d9f3b8fc31614d29a9,https://chainsecurity.com/blog/,https://chainsecurity.com/security-audit/euler-ethereum-vault-connector/,Ethereum,FALSE,FALSE,FALSE,FALSE,FALSE,FALSE,FALSE,FALSE,FALSE,FALSE,FALSE,FALSE,FALSE,FALSE,FALSE,FALSE,FALSE,FALSE,FALSE,FALSE,FALSE,FALSE,FALSE,FALSE,FALSE,FALSE,FALSE,FALSE,TRUE,FALSE,FALSE,FALSE,"If an activity is performed on the EVC using its ether balance, the second call may fail to deposit the entire amount obtained in the first call. However, this failure will not result in a revert."
Data Analytics,cf356561175dfe49a3d93ba85d553324107c4a0c,https://hacken.io/audits/derace/,https://hacken.io/research/,Ethereum,FALSE,FALSE,FALSE,FALSE,FALSE,FALSE,FALSE,FALSE,FALSE,FALSE,FALSE,FALSE,FALSE,FALSE,FALSE,FALSE,FALSE,FALSE,TRUE,FALSE,FALSE,FALSE,FALSE,FALSE,FALSE,FALSE,FALSE,FALSE,FALSE,FALSE,FALSE,FALSE,"Bad contract: - The contract has missing validation checks, allowing the staking token and reward token addresses to be the same. This flaw causes the reward and staking balances to merge, meaning that rewards can be paid using tokens that actually belong to stakers. This design flaw can lead to confusion and unfairness, as stakers might end up losing their tokens. - The contract file name does not follow the Solidity code style guide. This violation of naming conventions can lead to confusion and inconsistency in the codebase, making it harder for developers to understand and maintain the contract."
Data Analytics,457ce1d,https://hacken.io/audits/blocksquare/,https://hacken.io/research/,Ethereum,FALSE,FALSE,FALSE,FALSE,FALSE,FALSE,FALSE,FALSE,FALSE,FALSE,FALSE,FALSE,FALSE,FALSE,FALSE,FALSE,FALSE,FALSE,TRUE,FALSE,FALSE,FALSE,FALSE,TRUE,FALSE,FALSE,FALSE,TRUE,FALSE,FALSE,FALSE,FALSE,"Centralized risk high: The owner has too much control over important settings like the lock period and rewards fee. Even though the documentation says the lock period is 6 months, the owner can change it anytime. The reward fee isn't specified in the documentation and can also be changed by the owner. This high level of control could allow the owner to manipulate users' funds. Bad contract: When a contract calls another contract, it doesn't always check if the call was successful or not. Even if the other contract fails, the calling contract keeps going, which can lead to problems. If the call fails by mistake or someone tries to make it fail on purpose, it could cause the program to behave in unexpected ways. This could result in losing funds. Immutable states: Locking the pragma to a specific compiler version range ensures that the contract's code stays the same regardless of future compiler updates. Once set, the compiler version cannot be changed, making it immutable like a message engraved on stone."
Data Analytics,0b76f7fb519e34b878aa1d58cffc8d8dc0572c12,https://blog.openzeppelin.com/saddle-contracts-audit,https://www.openzeppelin.com,Ethereum,FALSE,FALSE,FALSE,TRUE,FALSE,FALSE,FALSE,FALSE,FALSE,FALSE,FALSE,FALSE,FALSE,FALSE,FALSE,FALSE,FALSE,FALSE,FALSE,FALSE,FALSE,FALSE,FALSE,FALSE,FALSE,FALSE,FALSE,FALSE,FALSE,TRUE,FALSE,FALSE,"The audit mentions that Saddle has implemented an additional withdrawal fee for liquidity providers, which decreases over a 4-week period. This withdrawal fee could potentially be considered as an anti-whale measure, as it aims to discourage large liquidity providers from rapidly entering and exiting the pool. Also, The LPToken contract inherits ERC20 along with ERC20Burnable. However ERC20Burnable inherits ERC20 already, so there is no need to inherit it again in LPToken. This issue signals incorrect_inheritance_order risk tag."
Data Analytics,a411b13335bc847ab009009a374f03f147e18f28,https://chainsecurity.com/blog/,https://chainsecurity.com/security-audit/conic-protocol/,Ethereum,FALSE,FALSE,FALSE,FALSE,FALSE,FALSE,FALSE,FALSE,FALSE,FALSE,FALSE,FALSE,FALSE,FALSE,FALSE,FALSE,FALSE,FALSE,FALSE,FALSE,FALSE,FALSE,TRUE,FALSE,FALSE,FALSE,FALSE,FALSE,FALSE,FALSE,FALSE,FALSE,"The calculation of minted shares involves dividing the quantity of deposited tokens by the exchange rate, which might lead to significant rounding mistakes. Users who do not deposit multiples of the initial amount may experience slippage (up to 100%), leading to Denial of Service or loss of cash if the slippage parameter is set too loosely."
Data Analytics,c1884aae22cd17af023ac4424b4e6623eb0ea9dd,https://hacken.io/,https://wp.hacken.io/wp-content/uploads/2023/02/Binance-PoS-tech-assesment.pdf,Ethereum,FALSE,FALSE,FALSE,FALSE,FALSE,FALSE,FALSE,FALSE,FALSE,FALSE,FALSE,FALSE,FALSE,FALSE,FALSE,FALSE,FALSE,FALSE,FALSE,FALSE,FALSE,TRUE,FALSE,FALSE,FALSE,FALSE,FALSE,FALSE,FALSE,FALSE,FALSE,FALSE,"When the value of TotalEquity or TotalDebt exceeds 264, the next section of code, which is responsible for computing the integer utilized by the hash function (tempAfterCexAssets), will fail due to overflow. If TotalEquity exceeds 264, the proof in the following batch will be inaccurate."
Data Analytics,d94ee7194e8cb17db13b16c338f3e780b62f5435,https://consensys.io/diligence/audits/2021/06/idle-finance/#idlecdo_deposit-allows-re-entrancy-from-hookable-token,https://consensys.io/,Ethereum,FALSE,FALSE,FALSE,FALSE,FALSE,FALSE,FALSE,FALSE,FALSE,FALSE,FALSE,FALSE,FALSE,TRUE,FALSE,FALSE,FALSE,TRUE,TRUE,FALSE,FALSE,FALSE,TRUE,TRUE,FALSE,FALSE,TRUE,FALSE,TRUE,FALSE,FALSE,TRUE,"Here is a summary of the risk tags found in Idle Finance: External dependencies The contracts interact with various external DeFi projects (e.g., Compound, Uniswap), creating dependencies that could pose risks if these external systems encounter issues. The use of delegatecall proxy mechanisms and the potential for arbitrary upgrades introduce further reliance on external factors. IdleCDO virtualPrice() and _updatePrices() functions have nested external calls to many other contracts, indicating potential risks if these dependencies face issues or behave unexpectedly. Trusted Trust is placed in idleToken contracts, which could pose a risk if these contracts are not secure or properly audited. Trust is placed in several contracts and roles within the system, including IdleCDO, IdleTokenGovernance, and specific actors (Owner, Guardian, Rebalancer, feeReceiver). This trust can become a vulnerability if any of these contracts are insecure or if trusted roles are compromised or misused. The contract owner and designated rebalancer address are trusted to execute functions like harvest(), potentially introducing risks if these roles are misused or compromised. Centralized risk medium/high The central role of the IdleCDO contract and its interactions with various other contracts and protocols indicate a moderate to high level of centralized risk within the Idle Finance system. The contract owner has significant control over withdrawal flags, contract pausing, and cooling periods, implying a moderate to high level of centralized risk. The function IdleCDO.harvest() uses Uniswap to liquidate rewards earned by the contract’s strategy, with potential price manipulation risks. Inconsistencies between price calculations within the system may pose a moderate to high level of centralized risk, particularly if the discrepancies are caused by errors or manipulation within the contract's logic. The contract owner can move tokens to a recovery fund, suggesting a moderate to high level of centralized risk. Reentrancy without eth transfer Potential for reentrancy-like issues exists due to the use of callback mechanisms (e.g., ERC777) and functions like harvest() and liquidate(), even though no explicit ETH transfer is involved. Nested external calls within vital contract functions suggest the possibility of reentrancy-like issues, even if no explicit ETH transfer is involved. The possibility of front-running user calls by changing contract semantics could result in reentrancy-like issues, even though no ETH transfer is explicitly mentioned. Exploitation The absence of account addresses in meta transactions exposes the system to potential exploitation, as a single transaction could be executed on multiple accounts owned by the same sender. Various scenarios, such as withdrawal process vulnerabilities and potential sandwiching attacks during harvest transactions, expose the contract to exploitation, which could compromise the system's integrity. Potential violations of accounting invariants might expose the contract to exploits or other vulnerabilities that could compromise the integrity of the system. The withdrawal process involving multiple channels can be exploited, leading to prolonged fund inaccessibility and potential economic loss for users. Bad contract Issues such as precision loss in calculations, unnecessary or unintended token transfers or minting due to function calls with an amount of 0, and other implementation inconsistencies indicate suboptimal contract design. These could lead to errors or unexpected behavior. The presence of precision loss inconsistencies in the contract's calculations may indicate a bad contract implementation that could lead to errors or unexpected behavior. Events maths The complexity of mathematical calculations and time-based events (e.g., coolingPeriod) in the codebase reduces readability and maintainability. Proper management and testing of these operations are essential to ensure the contract functions correctly and securely."
Data Analytics,0e95242dceab8815a44767f6ef2b20a693765e56,https://hacken.io/case-studies/auditing-sock-erc-4337/,https://hacken.io/audits/,Ethereum,FALSE,FALSE,FALSE,FALSE,FALSE,FALSE,FALSE,FALSE,FALSE,FALSE,FALSE,FALSE,FALSE,TRUE,FALSE,FALSE,FALSE,TRUE,TRUE,FALSE,FALSE,FALSE,FALSE,FALSE,FALSE,FALSE,TRUE,TRUE,TRUE,FALSE,FALSE,FALSE,"Here is a summary of the risk tags found in Sock's ERC 4337 Trading Platform: Trusted Trust is placed in the user's device and the Sock application to securely handle private keys and manage transactions without compromising user privacy. External dependencies The reliance on smart contracts and the implementation of ERC-4337 indicate dependencies on external components, which could pose potential risks if these dependencies face issues or behave unexpectedly. Reentrancy without eth transfer The use of gas-less transactions and automated orders could potentially lead to reentrancy issues without explicit ETH transfers, which might compromise the contract's security if not properly managed. The manipulation of user SockAccount addresses by the sockOwner role could potentially lead to reentrancy issues without explicit ETH transfers, which might compromise the contract's security if not properly managed. Immutable states The introduction of ERC-4337 and account abstraction implies the use of states that may be challenging to modify or update, which could pose risks if any vulnerabilities or errors are discovered in these components. Exploitation The execute() function's vulnerability to a signature replay attack could lead to exploitation, potentially compromising the contract's security. Bad contract The absence of adequate access controls in the _authorizeUpgrade() function may indicate suboptimal contract implementation or a bad contract design, potentially leading to security vulnerabilities or unintended behavior."
Data Analytics,c1884aae22cd17af023ac4424b4e6623eb0ea9dd,https://hacken.io/case-studies/binance-discovery/,https://hacken.io/audits/,Ethereum,FALSE,FALSE,FALSE,FALSE,FALSE,FALSE,FALSE,FALSE,FALSE,FALSE,FALSE,FALSE,FALSE,TRUE,FALSE,FALSE,FALSE,FALSE,FALSE,FALSE,FALSE,FALSE,TRUE,TRUE,FALSE,FALSE,FALSE,FALSE,FALSE,FALSE,FALSE,FALSE,"Here is a summary of the risk tags found in Binance's Proof of Reserves: Trusted Trust is placed in Hacken as a security auditor to provide reliable and secure verification services, potentially introducing risks if Hacken's services are compromised or misused. Centralized risk medium/high The reliance on individual experts like Bartosz Barwikowski may indicate a moderate to high level of centralized risk within the system, as his expertise and ability to identify vulnerabilities is a critical component of maintaining security."
Data Analytics,f29a0e26ae59ffdf34f62e69ae1c32c606d10fd3,https://dexenetwork.medium.com/creating-a-benchmark-dao-dexe-protocol-f2eeb661d006,https://wp.hacken.io/wp-content/uploads/2023/08/DeXe-Network_SC-Audit-Report_22052023SA-962.pdf,Ethereum,FALSE,FALSE,FALSE,FALSE,FALSE,TRUE,TRUE,FALSE,FALSE,FALSE,FALSE,FALSE,FALSE,TRUE,FALSE,FALSE,FALSE,FALSE,FALSE,FALSE,FALSE,FALSE,FALSE,TRUE,TRUE,FALSE,FALSE,FALSE,FALSE,FALSE,FALSE,FALSE,"Here is a summary of all the risk tags found in the DeXe Network: Trusted: Various contracts have privileged roles (e.g., owners, trader admins, BABT holders) with significant control over contract parameters and functions. Trust is placed in privileged role holders to responsibly manage contract parameters, potentially introducing risks if these roles are misused or compromised. Multiple contracts have privileged roles (e.g., owners, trader admins, governance) with significant control over contract parameters and functions. Buy Tax / Sell Tax: Traders can reinvest commissions. Trader admins can change proposal restrictions. Owners can mint NFTs. The ability for traders, trader admins, and owners to perform certain actions could introduce additional fees (buy/sell tax) for users participating in trading or NFT-related activities. Centralized risk medium/high: Multiple contracts rely on privileged roles for managing critical contract parameters and functions. The system's reliance on privileged roles indicates a moderate to high level of centralized risk, as the proper functioning of the system depends on the responsible actions of these privileged role holders."
Data Analytics,1ec034fef5f8c3f40b844b5f0bed115a4c22730f,https://wp.hacken.io/wp-content/uploads/2022/10/DAC_Portal_09062022_SCAudit_Report.pdf,https://hacken.io/audits/,Ethereum,FALSE,FALSE,FALSE,FALSE,FALSE,FALSE,FALSE,FALSE,FALSE,FALSE,FALSE,FALSE,FALSE,TRUE,FALSE,FALSE,FALSE,FALSE,FALSE,FALSE,FALSE,FALSE,TRUE,TRUE,FALSE,FALSE,FALSE,FALSE,FALSE,FALSE,FALSE,FALSE,"Here is a summary of the risk tags found in the DAC Portal: Trusted: Multiple contracts have privileged roles (e.g., admin, owner) with significant control over contract parameters and functions. Trust is placed in privileged role holders to responsibly manage contract parameters, potentially introducing risks if these roles are misused or compromised. Centralized risk medium/high: Multiple contracts rely on privileged roles for managing critical contract parameters and functions. The system's reliance on privileged roles indicates a moderate to high level of centralized risk, as the proper functioning of the system depends on the responsible actions of these privileged role holders."
Data Analytics,eda342d,https://www.halborn.com/audits/rarimo/rarimo-mobile-app,https://www.halborn.com/audits,Ethereum,TRUE,TRUE,FALSE,FALSE,FALSE,FALSE,FALSE,FALSE,FALSE,FALSE,FALSE,FALSE,FALSE,FALSE,FALSE,FALSE,FALSE,FALSE,FALSE,FALSE,FALSE,FALSE,FALSE,TRUE,TRUE,FALSE,FALSE,FALSE,FALSE,FALSE,FALSE,FALSE,'- USERS WITH DEACTIVATED PASSPORTS CAN VOTE MORE THAN 1 TIME - LACK OF JAILBREAK DETECTION - LACK OF FINGERPRINT OR PASSCODE AUTHENTICATION - LACK OF ANTI-HOOK ANTI-DEBUG MECHANISM
Data Analytics,bfbdeb9,https://www.halborn.com/audits/nftfi/nftfi-token-v2-final-assessment#4.1,https://www.halborn.com/audits/,Ethereum,FALSE,FALSE,FALSE,FALSE,FALSE,FALSE,FALSE,FALSE,FALSE,FALSE,FALSE,FALSE,FALSE,FALSE,FALSE,FALSE,FALSE,FALSE,FALSE,FALSE,FALSE,FALSE,FALSE,FALSE,TRUE,FALSE,FALSE,FALSE,FALSE,FALSE,FALSE,FALSE,UNSAFE ERC-20 OPERATIONS
Data Analytics,8191a9ddfb5fdc5f135bd7827399bd3463f444ac,https://www.halborn.com/audits/mars-protocol/mars-protocol-cw-tokens-cosmwasm-smart-contract-security-assessment#8.1,https://www.halborn.com/audits/,Ethereum,FALSE,TRUE,FALSE,FALSE,FALSE,FALSE,FALSE,FALSE,FALSE,TRUE,FALSE,FALSE,FALSE,FALSE,FALSE,FALSE,FALSE,FALSE,FALSE,FALSE,FALSE,FALSE,FALSE,TRUE,TRUE,FALSE,FALSE,FALSE,FALSE,FALSE,FALSE,FALSE,'-LACK OF ADDRESS CANONICALIZATION/NORMALIZATION -PRIVILEGED ADDRESS CAN BE TRANSFERRED WITHOUT CONFIRMATION
Data Analytics,d9f0bc0,https://www.halborn.com/audits/jigsaw-finance/jigsaw-lite,https://www.halborn.com/audits/,Ethereum,FALSE,FALSE,FALSE,FALSE,FALSE,FALSE,FALSE,FALSE,FALSE,FALSE,TRUE,FALSE,FALSE,FALSE,FALSE,FALSE,FALSE,FALSE,FALSE,FALSE,FALSE,FALSE,FALSE,FALSE,TRUE,FALSE,FALSE,FALSE,FALSE,FALSE,FALSE,FALSE,'- CENTRALIZATION RISK -ADDREWARDS FUNCTION MISCALCULATES REWARDRATE
Data Analytics,c46e664f30a3ed28a0420afd11788b045527a39a,https://www.halborn.com/audits/erd/ethereum-reserve-dollar-smart-contract-security-assessment,https://www.halborn.com/audits/,Ethereum,FALSE,TRUE,FALSE,FALSE,FALSE,FALSE,FALSE,FALSE,FALSE,TRUE,TRUE,FALSE,FALSE,FALSE,FALSE,FALSE,FALSE,TRUE,FALSE,FALSE,FALSE,FALSE,TRUE,FALSE,TRUE,FALSE,FALSE,FALSE,FALSE,FALSE,FALSE,FALSE,'- PRICE MANIPULATION RISK IN STETHORACLE CONTRACT - NON-TRANSFERABLE OWNER IN MIGRATIONS CONTRACT
Data Analytics,eaf4a64,https://www.halborn.com/audits/coredao/btc-staking,https://www.halborn.com/audits,Ethereum,FALSE,FALSE,FALSE,FALSE,TRUE,FALSE,FALSE,FALSE,FALSE,FALSE,FALSE,FALSE,FALSE,FALSE,FALSE,FALSE,FALSE,FALSE,FALSE,FALSE,FALSE,FALSE,TRUE,FALSE,FALSE,FALSE,FALSE,FALSE,FALSE,FALSE,FALSE,FALSE,FRONT-RUNNING IN DELEGATEBTC FUNCTION
Data Analytics,b67d5b7d7fb87455533b5376e7c20157a6fc4e8c,https://www.halborn.com/audits/aura-finance/aura-finance-smart-contract-security-assessment,https://www.halborn.com/audits,Ethereum,FALSE,FALSE,FALSE,FALSE,FALSE,FALSE,FALSE,FALSE,FALSE,TRUE,FALSE,FALSE,FALSE,FALSE,FALSE,FALSE,FALSE,FALSE,FALSE,FALSE,FALSE,FALSE,FALSE,FALSE,TRUE,FALSE,FALSE,FALSE,FALSE,FALSE,FALSE,FALSE,'- LACK OF TRANSFEROWNERSHIP PATTERN -DUPLICATE ENTRY IN THE VESTING DISTRIBUTION LIST
Data Analytics,06a3dd2ddcec58f6a32bb479b4f1b79530eec257,https://www.halborn.com/audits/0xnodes/sushiswap-integration-wave-2-smart-contract-security-assessment,https://www.halborn.com/audits/,Ethereum,FALSE,FALSE,FALSE,FALSE,FALSE,FALSE,FALSE,FALSE,FALSE,FALSE,FALSE,FALSE,FALSE,FALSE,FALSE,FALSE,FALSE,FALSE,TRUE,FALSE,FALSE,FALSE,FALSE,FALSE,TRUE,FALSE,FALSE,FALSE,FALSE,FALSE,FALSE,FALSE,'-UNCHECKED TRANSFER -MISSING ZERO ADDRESS CHECK
Data Analytics,2128e082128e08,https://www.halborn.com/audits,https://www.halborn.com/audits/pink-elements,Ethereum,FALSE,FALSE,FALSE,FALSE,FALSE,FALSE,FALSE,FALSE,FALSE,FALSE,FALSE,FALSE,FALSE,FALSE,FALSE,FALSE,FALSE,TRUE,FALSE,FALSE,FALSE,FALSE,TRUE,FALSE,TRUE,FALSE,TRUE,FALSE,FALSE,FALSE,FALSE,FALSE,"he scoped repositories used multiple third-party dependencies. Using vulnerable third-party libraries may result in security vulnerabilities in the project that can be exploited by attackers. This could result in data breaches, the theft of sensitive information, and other security issues. However, some of them were affected by public-known vulnerabilities that may pose a risk to the global application security level."
Data Analytics,2d1a6334139ed9d6c60ff44e16c5a4198ebab737,https://www.halborn.com/audits/truffles/nft-invoice-smart-contract-security-assessment,https://www.halborn.com/audits,Ethereum,FALSE,FALSE,FALSE,FALSE,TRUE,FALSE,FALSE,FALSE,FALSE,FALSE,FALSE,FALSE,FALSE,FALSE,FALSE,FALSE,FALSE,TRUE,FALSE,FALSE,FALSE,FALSE,FALSE,FALSE,TRUE,FALSE,FALSE,FALSE,FALSE,FALSE,FALSE,FALSE,'-LACK OF THE TWO STEP OWNERSHIP TRANSFER PATTERN -MISSING ZERO ADDRESS CHECK Wrongful ownership is likely
Data Analytics,704a7dd4f4323a44b7a1bce558a200b4dd1e773e,http://wp.hacken.io/wp-content/uploads/2024/02/Hacken_SCA-AITECH_Token_Feb2024_P-2024-188_2_20240228-15_05.pdf,https://hacken.io/,Ethereum,FALSE,FALSE,FALSE,FALSE,FALSE,FALSE,FALSE,FALSE,FALSE,FALSE,FALSE,FALSE,FALSE,FALSE,FALSE,FALSE,FALSE,FALSE,FALSE,FALSE,FALSE,FALSE,FALSE,FALSE,FALSE,FALSE,FALSE,FALSE,FALSE,FALSE,FALSE,FALSE,The smart contract has no such vulnerabilities as identified by the audit. The code quality and security are both great with a 10/10 score on the report.
Data Analytics,0x761D38e5ddf6ccf6Cf7c55759d5210750B5D60F3,https://wp.hacken.io/wp-content/uploads/2023/12/Hacken_DOGELON_MARS_SCA_Dogelon_Mars_Token_Dec2023_P_2023_073_1.pdf,https://hacken.io/,Ethereum,FALSE,FALSE,FALSE,FALSE,FALSE,FALSE,FALSE,FALSE,FALSE,FALSE,FALSE,FALSE,FALSE,FALSE,FALSE,FALSE,FALSE,FALSE,FALSE,FALSE,FALSE,FALSE,FALSE,FALSE,FALSE,FALSE,FALSE,FALSE,FALSE,FALSE,FALSE,FALSE,"The smart contract has no identified security risks or vulnerabilities that would diminish its security. While there are some code quality issues such as the order of functions, variables, and efficiency of the code, the overall security of the code is great with a 10/10 score on the audit."
Data Analytics,6db52a3339df4df04b80cd545f100b093188b 15a,https://chainsecurity.com/security-audit/herodotus-on-starknet/,https://chainsecurity.com/blog/,Optimism,FALSE,FALSE,FALSE,FALSE,FALSE,FALSE,FALSE,FALSE,FALSE,TRUE,TRUE,FALSE,FALSE,FALSE,FALSE,TRUE,FALSE,TRUE,FALSE,FALSE,FALSE,TRUE,FALSE,TRUE,FALSE,TRUE,FALSE,FALSE,FALSE,TRUE,FALSE,FALSE,After looking at the data these are the concluded risk that are in the data sheet.
Data Analytics,9bc0c17afd6bed51cd9126d9f3b8fc31614d29a9,https://chainsecurity.com/security-audit/euler-ethereum-vault-connector/,https://chainsecurity.com/blog/,Ethereum,FALSE,FALSE,FALSE,FALSE,FALSE,FALSE,FALSE,FALSE,FALSE,FALSE,TRUE,FALSE,FALSE,TRUE,FALSE,FALSE,FALSE,FALSE,FALSE,TRUE,FALSE,FALSE,FALSE,FALSE,FALSE,FALSE,TRUE,FALSE,TRUE,FALSE,FALSE,FALSE,After looking over at the data these are the risk I found.
Data Analytics,0x21940FD3A12528FA0dF6C31821ed517eF7323629,https://hacken.io/audits/syntropy-network/,https://wp.hacken.io/wp-content/uploads/2022/03/HACKEN_SyntropyNetworkLimitedCompany_03022022SCAudit_Report.pdf,Ethereum,FALSE,FALSE,FALSE,FALSE,FALSE,FALSE,FALSE,FALSE,FALSE,TRUE,FALSE,FALSE,FALSE,FALSE,TRUE,FALSE,FALSE,TRUE,FALSE,FALSE,FALSE,FALSE,TRUE,FALSE,FALSE,FALSE,FALSE,FALSE,FALSE,FALSE,FALSE,FALSE,After looking over the documented data these are the risk I identified.
Data Analytics,76f8469c97c0052a7217cb29e42d80dbc4806e52,https://hacken.io/audits/wrapped-millix/,https://wp.hacken.io/wp-content/uploads/2023/03/Millix_Foundation_SC-Audit-Report_01_03_2023_SA-1017.docx.pdf,Ethereum,FALSE,FALSE,FALSE,FALSE,FALSE,FALSE,FALSE,FALSE,FALSE,FALSE,TRUE,FALSE,FALSE,FALSE,FALSE,TRUE,FALSE,TRUE,FALSE,TRUE,FALSE,FALSE,TRUE,FALSE,FALSE,FALSE,FALSE,FALSE,TRUE,TRUE,FALSE,FALSE,The risk shown in the data proved to be true.
Data Analytics,a411b13335bc847ab009009a374f03f147e18f28,https://chainsecurity.com/security-audit/conic-protocol/,https://chainsecurity.com/blog/,Arbitrum,FALSE,TRUE,FALSE,FALSE,FALSE,FALSE,FALSE,TRUE,FALSE,FALSE,FALSE,TRUE,FALSE,FALSE,FALSE,FALSE,FALSE,FALSE,FALSE,TRUE,FALSE,FALSE,FALSE,FALSE,FALSE,FALSE,FALSE,TRUE,TRUE,FALSE,FALSE,FALSE,After looking over the data in the document this is what was found in the risk.
Data Analytics,06a3dd2ddcec58f6a32bb479b4f1b79530eec257,https://www.halborn.com/audits/0xnodes/sushiswap-integration-wave-2-smart-contract-security-assessment,https://www.halborn.com/audits,Ethereum,FALSE,FALSE,TRUE,TRUE,FALSE,FALSE,FALSE,FALSE,FALSE,FALSE,FALSE,FALSE,FALSE,FALSE,FALSE,FALSE,FALSE,FALSE,FALSE,FALSE,FALSE,FALSE,FALSE,FALSE,FALSE,FALSE,FALSE,FALSE,FALSE,FALSE,FALSE,FALSE,"The smart contract exhibits risks related to anti-whale functionality and modifiability, which have been acknowledged by the team"
Data Analytics,412905FFA414C34B75FA4C52E5993318B2A5F067,https://wp.hacken.io/wp-content/uploads/2021/07/16072021_Nimbus_dApps_Audit_Report.pdf,https://hacken.io/audits/nimbus/,Ethereum,FALSE,FALSE,TRUE,TRUE,FALSE,FALSE,FALSE,FALSE,FALSE,FALSE,FALSE,FALSE,FALSE,FALSE,FALSE,FALSE,FALSE,FALSE,FALSE,FALSE,FALSE,FALSE,FALSE,FALSE,FALSE,FALSE,FALSE,FALSE,FALSE,FALSE,FALSE,FALSE,"anti_whale_modifiable: TRUE because the audit identified a risk related to unsafe math operations, which can lead to uint256 overflow. Is_anti_whale: TRUE because the audit identified a risk related to unsafe math operations, which can lead to uint256 overflow.)"
Data Analytics,bbf4f07e7,https://www.halborn.com/audits/coredao/genesis-smart-contract-security-assessment,https://www.halborn.com/audits,Ethereum,FALSE,FALSE,TRUE,TRUE,FALSE,FALSE,FALSE,TRUE,TRUE,FALSE,TRUE,FALSE,TRUE,FALSE,FALSE,FALSE,FALSE,FALSE,FALSE,TRUE,TRUE,TRUE,FALSE,FALSE,FALSE,TRUE,TRUE,TRUE,TRUE,TRUE,TRUE,TRUE,"anti_whale_modifiable - Results of the dexSwap function call is used in unsafe math operations in the _swapsCall function. Uint256 overflow can happen. Is_anti_whale - Features in smart contracts designed to limit the impact of large holders on the market, preventing massive buys or sells, are missing. slippage_modifiable - The smart contract allows the owner to adjust the slippage (price difference allowed in transactions), which can lead to unfavorable trading conditions. Is_blacklisted - The ability within a smart contract to prohibit certain addresses from executing transactions can be abused if not transparently managed. owner_change_balance - The contract allows someone (usually the owner or an attacker who gains control) to arbitrarily modify user balances within the contract. reusing_state_variable - This occurs when a contract uses the same variable for multiple purposes, which can lead to errors or security vulnerabilities. encode_packed_collision - This vulnerability arises when different input combinations to a hash function result in the same output, often due to the way data is tightly packed together. encode_packed_parameters - Refers to the method of combining multiple variable values into a single encoded string, which can be risky if not handled correctly. event_setter - In smart contracts, an event setter is used to trigger specific actions or notifications based on contract activities. external_dependencies - Reliance on outside systems or contracts which can introduce risks if these external elements are compromised or fail. immutable_states - These are contract states that cannot be changed once set, which can be a feature but also a vulnerability if set incorrectly. reentrancy_without_eth_transfer - This occurs when a contract call is made to an external contract before updating its own state, even if no Ethereum (ETH) is transferred, leading to potential exploits. incorrect_inheritance_order - Mistakes in the order in which contracts inherit properties from other contracts, potentially leading to unexpected behaviors. shadowing_local - This involves a local variable in a function having the same name as a global variable, which can lead to confusion and errors. events_maths - Refers to calculations or operations triggered within events in smart contracts, which can be crucial for tracking and responding to contract activities."
Data Analytics,eeefca66eb46c800a9aaab88db2064a99026fde5,https://chainsecurity.com/wp-content/uploads/2024/04/ChainSecurity_Polymarket_Conditional_Tokens_audit.pdf,https://chainsecurity.com/security-audit/polymarket-conditional-tokens/,Ethereum,FALSE,FALSE,FALSE,FALSE,FALSE,FALSE,FALSE,FALSE,FALSE,FALSE,FALSE,FALSE,FALSE,FALSE,FALSE,FALSE,FALSE,FALSE,FALSE,FALSE,FALSE,FALSE,FALSE,FALSE,FALSE,FALSE,FALSE,FALSE,FALSE,FALSE,FALSE,FALSE,"No risk tags were marked true in the audit findings. All risks were assessed as false, indicating that the smart contract did not exhibit any of the mentioned risks."
Data Analytics,f13e0898f3e9005bcae01f39fbc1f222528e8382,https://wp.hacken.io/wp-content/uploads/2023/09/Dexalot_SC-Audit-Report_15092023_SA-1371-updated.pdf,https://hacken.io/case-studies/dexalot-dex-smart-contracts-audited-by-hacken/,Ethereum,FALSE,FALSE,FALSE,FALSE,FALSE,FALSE,FALSE,FALSE,FALSE,FALSE,FALSE,FALSE,FALSE,FALSE,FALSE,FALSE,FALSE,FALSE,FALSE,FALSE,FALSE,FALSE,FALSE,FALSE,FALSE,FALSE,FALSE,FALSE,FALSE,FALSE,FALSE,FALSE,Not applicable as all risk tags are marked as false.
Data Analytics,af6ea26,https://wp.hacken.io/wp-content/uploads/2024/04/Hacken_Codyfight_SCA-Codyfight-_-Token-_-Apr2024_P-2024-324_2_20240424-10_52.pdf,https://hacken.io/audits/codyfight/,Ethereum,FALSE,FALSE,FALSE,FALSE,FALSE,FALSE,FALSE,FALSE,FALSE,FALSE,FALSE,FALSE,FALSE,FALSE,FALSE,FALSE,FALSE,FALSE,FALSE,FALSE,FALSE,FALSE,FALSE,FALSE,FALSE,FALSE,FALSE,FALSE,FALSE,FALSE,FALSE,FALSE,"None of the listed risk tags are marked true , there was missing zero address validation issue found but it was later resolved by the team by implementing zero address validation for the lossless input parameter"
Data Analytics,01b5f3e0a5f7b9eb7af742aa8dd9ada2b6ec00cd,https://chainsecurity.com/wp-content/uploads/2023/12/ChainSecurity_Polygon_Polygon_Token_POL_audit-1.pdf,https://chainsecurity.com/security-audit/polygon-token-pol/,Polygon,FALSE,FALSE,FALSE,FALSE,FALSE,FALSE,FALSE,FALSE,FALSE,FALSE,FALSE,FALSE,FALSE,FALSE,FALSE,FALSE,FALSE,FALSE,FALSE,FALSE,FALSE,FALSE,FALSE,FALSE,FALSE,FALSE,FALSE,FALSE,FALSE,FALSE,FALSE,FALSE,"Since all the options are marked as False based on the audit findings, there are no risk tags marked as true. However, The audit identified several risks in the smart contract, including missing input sanitization, inconsistencies in event emission, inefficient gas usage, and incomplete ERC165 implementation. These risks were later resolved through code corrections and optimizations, such as updating constructors to ensure non-zero inputs, adding missing functions to interfaces, improving event emission consistency, and optimizing gas usage in various contract functions. Additionally, adjustments were made to address storage gap inconsistencies and redundant inheritance patterns"
Data Analytics,f779be3f7c16290b16429c271b295e5eda3ce847,https://github.com/QANplatform/qanx-token/blob/main/audit/Hacken-QANplatform-20022023.pdf,https://hacken.io/,Ethereum,FALSE,FALSE,FALSE,FALSE,TRUE,FALSE,FALSE,FALSE,FALSE,FALSE,FALSE,FALSE,FALSE,FALSE,FALSE,FALSE,FALSE,FALSE,FALSE,FALSE,FALSE,FALSE,FALSE,FALSE,FALSE,FALSE,FALSE,FALSE,FALSE,FALSE,FALSE,FALSE,This smart contract is mostly secure except for one risk regarding the _applyLock function that makes funds unavailable for regular transactions and could cause problems especially when the smart contract is being integrated with third-party systems.
Data Analytics,eeefca66eb46c800a9aaab88db2064a99026fde5,https://chainsecurity.com/security-audit/polymarket-conditional-tokens/,https://chainsecurity.com/,Ethereum,FALSE,FALSE,FALSE,FALSE,FALSE,FALSE,FALSE,FALSE,FALSE,FALSE,FALSE,FALSE,FALSE,FALSE,FALSE,FALSE,FALSE,TRUE,FALSE,FALSE,FALSE,FALSE,FALSE,FALSE,FALSE,FALSE,FALSE,FALSE,FALSE,FALSE,FALSE,FALSE,"Exploitation is marked true as its possible to make infinite false value tokens, this is not identified as a huge problem as they are currently worth nothing, however infinite tokens can lead to several problems."
Data Analytics,3da461f07af1d3939c188c7f6dc0b331f5faf6c8,https://wp.hacken.io/wp-content/uploads/2024/03/Hacken_Zero1-Labs_SCA-Zero1-Labs_Token_Mar2024_P-2024-256_1_20240321-17_34.pdf,https://hacken.io/,Ethereum,FALSE,FALSE,FALSE,FALSE,FALSE,FALSE,FALSE,FALSE,FALSE,FALSE,FALSE,FALSE,FALSE,FALSE,FALSE,FALSE,FALSE,FALSE,FALSE,FALSE,FALSE,FALSE,FALSE,FALSE,FALSE,FALSE,FALSE,FALSE,FALSE,FALSE,FALSE,FALSE,"The smart contract previously had errors with the arguments passed into the _rescueERC20Token and _rescueNativeToken functions, which was deemed as a critical vulnerability as these functions rendered the smart contract inoperable. However, this issue along with some other observations has been fixed before a second audit of the smart contract. There are no current vulnerabilities as identified by the audit."
Data Analytics,E206dd2ed5aa24cf1f86990b875c6b1577be25e2,https://chainsecurity.com/security-audit/polymarket-negriskadapter/,https://chainsecurity.com/,Ethereum,FALSE,FALSE,FALSE,FALSE,FALSE,FALSE,FALSE,FALSE,FALSE,FALSE,FALSE,FALSE,FALSE,FALSE,FALSE,FALSE,FALSE,FALSE,FALSE,FALSE,FALSE,FALSE,TRUE,FALSE,FALSE,FALSE,FALSE,FALSE,FALSE,FALSE,FALSE,FALSE,Centralized Risk Medium is marked true because the admins have control over the questions asked by the contract. In certain unlikely instances admins have options to pick from which can override yes/no questions in the contract.
Data Analytics,698ec5c43bb76f3ccf850d229561e3e900e9c2b8,https://chainsecurity.com/security-audit/makerdao-d3m-erc-4626/,https://chainsecurity.com/,Ethereum,FALSE,FALSE,FALSE,FALSE,FALSE,FALSE,FALSE,FALSE,FALSE,FALSE,FALSE,FALSE,FALSE,FALSE,FALSE,FALSE,FALSE,TRUE,FALSE,FALSE,FALSE,FALSE,FALSE,FALSE,FALSE,FALSE,TRUE,FALSE,FALSE,FALSE,FALSE,TRUE,The exploitation tag is marked as true because there is a Dos risk in the event of a deposit worth more than the pool of tokens. The external dependencies tag is marked because it is reliant on outside libraries. The events_math is flagged because there is calculation discrepancies on both the Dos instance and fees.
Data Analytics,323b743e4bb60dd4ca8f4d6a18b5f7589354c6ab,https://wp.hacken.io/wp-content/uploads/2022/07/DeRace_17052022_SCAudit_SReport_2.pdf,https://hacken.io/,Ethereum,FALSE,FALSE,FALSE,FALSE,FALSE,FALSE,FALSE,FALSE,FALSE,FALSE,FALSE,FALSE,FALSE,FALSE,FALSE,FALSE,FALSE,FALSE,TRUE,FALSE,FALSE,FALSE,FALSE,FALSE,FALSE,FALSE,FALSE,FALSE,FALSE,FALSE,FALSE,FALSE,The smart contract doesn't follow the coding style guide of Solidity and the code coverage on different positive and negative test cases is not extensive making the contract vulnerable to security attacks.
Data Analytics,1acd6901379bff6f7a59e63b0129d416a9f7161c,https://chainsecurity.com/security-audit/makerdao-kill-switch/,https://chainsecurity.com/,Ethereum,FALSE,FALSE,FALSE,FALSE,FALSE,FALSE,FALSE,FALSE,FALSE,FALSE,FALSE,FALSE,FALSE,FALSE,FALSE,FALSE,FALSE,FALSE,FALSE,FALSE,FALSE,FALSE,TRUE,FALSE,FALSE,FALSE,FALSE,FALSE,FALSE,FALSE,FALSE,FALSE,Centralized risk medium is flagged because admins are able to disable borrowing capabilities for all assets.
Data Analytics,4f5cc91756b418cd0eb9eb733ca1c417698fc478,https://wp.hacken.io/wp-content/uploads/2021/12/Torekko_30122021SCAudit_Report-1.pdf,https://hacken.io/,Ethereum,FALSE,FALSE,FALSE,FALSE,FALSE,FALSE,FALSE,FALSE,FALSE,FALSE,FALSE,FALSE,FALSE,FALSE,FALSE,FALSE,FALSE,FALSE,FALSE,FALSE,FALSE,FALSE,FALSE,FALSE,FALSE,FALSE,FALSE,FALSE,FALSE,FALSE,FALSE,FALSE,"The smart contract has one low-priority security risk which is declaring a public function as external to create a more gas-efficient contract. Otherwise, the smart contract is well-secured with no other risk tags as identified by the hacken.io audit."
Data Analytics,0e95242dceab8815a44767f6ef2b20a693765e56,https://wp.hacken.io/wp-content/uploads/2023/12/Sock_SC-Audit-Report_05122023_SA-2073.pdf,https://hacken.io/,Ethereum,FALSE,FALSE,FALSE,FALSE,FALSE,FALSE,FALSE,FALSE,FALSE,FALSE,FALSE,FALSE,FALSE,FALSE,FALSE,FALSE,FALSE,FALSE,FALSE,FALSE,FALSE,FALSE,FALSE,FALSE,FALSE,FALSE,FALSE,FALSE,FALSE,FALSE,FALSE,FALSE,"All the security vulnerabilities on this smart contract including one high, one low, and three informational security risks have been fixed as per the audit report. These issues consisted of a missing constructor and assignment of admins, missing zero validation, and multiple inefficiencies with the code. The report mentions that after the audit the code quality, documentation quality, and security scores are all 10/10 and the test coverage is 100%."
Data Analytics,3cc599068be591f0b2d0a1d125a4f8de9562de80,https://wp.hacken.io/wp-content/uploads/2022/01/%D0%A1onstitution-DAO_11012022Audit_Report.pdf,https://hacken.io/,Ethereum,FALSE,FALSE,FALSE,FALSE,FALSE,FALSE,FALSE,FALSE,FALSE,FALSE,FALSE,FALSE,FALSE,FALSE,FALSE,FALSE,FALSE,FALSE,TRUE,FALSE,FALSE,FALSE,FALSE,FALSE,FALSE,FALSE,FALSE,FALSE,FALSE,FALSE,FALSE,FALSE,"This smart contract has an issue of redundant gas consumption due to issues with overflows and variable initialization. While this is a low-security risk, it affects the quality of the code and can potentially cause vulnerabilities in the system."
Data Analytics,9951434beee4d3de3e3d0155c3b663fd387c6366,https://chainsecurity.com/wp-content/uploads/2023/01/GEARBOX-Auction-_-Cidermancer-_-Smart-Contract-Audit-by-ChainSecurity.pdf,https://chainsecurity.com/,Ethereum,FALSE,FALSE,FALSE,FALSE,FALSE,FALSE,FALSE,FALSE,FALSE,FALSE,FALSE,FALSE,FALSE,FALSE,FALSE,FALSE,FALSE,FALSE,FALSE,FALSE,FALSE,FALSE,FALSE,FALSE,FALSE,FALSE,FALSE,FALSE,FALSE,FALSE,FALSE,FALSE,"There are no current risks present in the smart contract. The low-priority risks that were identified in the audit have been resolved. Some notes have been identified in the smart contract per the audit such as rounding errors, ensuring the contracts are compiled on the correct version, and issues with the fair_trading stage that could occur if LP tokens have already been transferred to the contract."
Data Analytics,b148fa19a6deee72ed33c34bf15a1bd569d9d13b,https://chainsecurity.com/wp-content/uploads/2024/04/ChainSecurity_Polymarket_Proxy_Wallet_Factories_audit.pdf,https://chainsecurity.com/,Ethereum,FALSE,FALSE,FALSE,FALSE,FALSE,FALSE,FALSE,FALSE,FALSE,FALSE,FALSE,FALSE,FALSE,FALSE,FALSE,FALSE,FALSE,FALSE,TRUE,FALSE,FALSE,FALSE,FALSE,FALSE,FALSE,FALSE,FALSE,FALSE,FALSE,FALSE,FALSE,FALSE,"There are multiple informational risks associated with code quality such as ambiguous naming, gas optimization issues, missing event, and more that although do not directly affect the security of the contract can provide a theoretical underpinning for vulnerabilities or inefficiencies that could be exploited or lead to performance degradation in the future."
Data Analytics,aa1d1c54546f38b912a24722134ab0c2ae94860d,https://wp.hacken.io/wp-content/uploads/2022/02/04102020_OneInch_SC_Audit_Report.pdf,https://hacken.io/,Ethereum,FALSE,TRUE,FALSE,FALSE,FALSE,FALSE,FALSE,FALSE,FALSE,FALSE,FALSE,FALSE,FALSE,FALSE,FALSE,FALSE,FALSE,FALSE,FALSE,FALSE,FALSE,FALSE,FALSE,FALSE,TRUE,FALSE,FALSE,FALSE,FALSE,FALSE,FALSE,FALSE,"Most of the risks that is low as it is because two contracts are never used, one being OneInchFlags which is a library contract and is used to decode flags during an exchange process which does not pose much risk. The next one is the GasDiscount which again is a contract used for a calculation of a discount and does not pose any major risk because it does not let any third parties or malicious users to infiltrate the audit."
Data Analytics,L1CrossDomainMessenger,https://github.com/ethereum-optimism/optimism/issues,https://github.com/,Optimism,FALSE,FALSE,FALSE,FALSE,FALSE,FALSE,FALSE,FALSE,FALSE,FALSE,FALSE,FALSE,FALSE,FALSE,FALSE,FALSE,FALSE,TRUE,FALSE,FALSE,FALSE,FALSE,TRUE,TRUE,TRUE,FALSE,FALSE,FALSE,FALSE,FALSE,FALSE,FALSE,"Basically, it was a github page of issues and the code associated with it but there wasn't an audit of these issues. I marked centralized high, medium, and low because there were over 100 issues still open, with some being huge issues that could cause complete failure and exploitation to happen."
Data Analytics,41f44f25d8a303ef1d399e43b8a37400b92c16be,https://chainsecurity.com/security-audit/curve-pegkeeperv2/,https://chainsecurity.com/security-audit/,Ethereum,FALSE,FALSE,FALSE,FALSE,FALSE,FALSE,FALSE,FALSE,FALSE,FALSE,FALSE,FALSE,FALSE,FALSE,FALSE,FALSE,FALSE,FALSE,FALSE,FALSE,FALSE,FALSE,FALSE,FALSE,TRUE,FALSE,FALSE,FALSE,FALSE,FALSE,FALSE,FALSE,"There were only 2 low intensity findings, which are centralized risk lows since they effect transparency rather than compromising the systems integrity too much"
Data Analytics,L1ERC721Bridge,https://github.com/ethereum-optimism/optimism/blob/op-contracts/v1.3.0/packages/contracts-bedrock/src/L1/L1ERC721Bridge.sol,https://docs.optimism.io/stack/protocol/smart-contracts,Optimism,FALSE,FALSE,FALSE,FALSE,FALSE,FALSE,FALSE,FALSE,FALSE,FALSE,FALSE,FALSE,FALSE,FALSE,FALSE,FALSE,FALSE,FALSE,FALSE,FALSE,FALSE,FALSE,FALSE,FALSE,FALSE,FALSE,FALSE,FALSE,FALSE,FALSE,FALSE,FALSE,
Data Analytics,71aec025e1fcf9c16a1aeb20a85eddae5a5d5581,https://chainsecurity.com/wp-content/uploads/2022/07/ChainSecurity_Compound_Comet_audit_May-30th-2022-1.pdf,https://chainsecurity.com/smart-contract-audit-reports/,Ethereum,FALSE,FALSE,FALSE,FALSE,FALSE,FALSE,FALSE,FALSE,FALSE,FALSE,TRUE,FALSE,FALSE,FALSE,FALSE,FALSE,FALSE,FALSE,TRUE,FALSE,FALSE,FALSE,TRUE,TRUE,FALSE,FALSE,TRUE,FALSE,TRUE,FALSE,FALSE,FALSE,
Data Analytics,40df4afd20028e4ec4cd5be8382934727bb85e06,https://chainsecurity.com/security-audit/makerdao-sparklend-advanced/,https://chainsecurity.com/,Ethereum,FALSE,FALSE,FALSE,FALSE,FALSE,FALSE,FALSE,FALSE,FALSE,FALSE,FALSE,FALSE,FALSE,FALSE,FALSE,FALSE,FALSE,FALSE,FALSE,FALSE,FALSE,FALSE,FALSE,TRUE,FALSE,FALSE,FALSE,FALSE,FALSE,FALSE,FALSE,FALSE,"There is a strange miscalculation which allows for overvaluations or capping of price, hence. the high centralized risk tag."
Data Analytics,b91c6fecabfda91cfa394132b3b58043f2e4ea3b,https://chainsecurity.com/security-audit/makerdao-psm-lite/,https://chainsecurity.com/,Ethereum,FALSE,FALSE,FALSE,FALSE,FALSE,FALSE,FALSE,FALSE,FALSE,FALSE,FALSE,FALSE,FALSE,FALSE,FALSE,FALSE,FALSE,TRUE,FALSE,FALSE,FALSE,FALSE,FALSE,FALSE,FALSE,FALSE,FALSE,FALSE,FALSE,FALSE,FALSE,FALSE,"The exploitation tag is marked as true because the transfer function does not check the return value, meaning failed false transfer could be seen as a successful transfer."
Data Analytics,1902450fd9bcbc39c8cf53b0570837513d32cdfb,https://chainsecurity.com/wp-content/uploads/2021/12/ChainSecurity_Kyber_Network_KyberSwap_Elastic_audit.pdf,https://chainsecurity.com/smart-contract-audit-reports/,Ethereum,FALSE,FALSE,FALSE,FALSE,FALSE,FALSE,FALSE,FALSE,FALSE,FALSE,FALSE,FALSE,FALSE,FALSE,FALSE,FALSE,FALSE,TRUE,FALSE,FALSE,FALSE,FALSE,FALSE,FALSE,FALSE,FALSE,TRUE,FALSE,FALSE,FALSE,FALSE,FALSE,Exploitation is marked as true as there is a discrepancy in price handling . External dependencies was marked as true as the contract is reliant on the GSN RelayHub balance.
Data Analytics,e3e496f532792fb764eb61c6a95851fd873e5ae0,https://chainsecurity.com/wp-content/uploads/2022/11/ChainSecurity_Uniswap_Permit2_audit.pdf,https://chainsecurity.com,Arbitrum,FALSE,FALSE,FALSE,FALSE,FALSE,FALSE,FALSE,FALSE,FALSE,FALSE,FALSE,FALSE,FALSE,FALSE,FALSE,FALSE,FALSE,FALSE,TRUE,FALSE,FALSE,FALSE,FALSE,FALSE,FALSE,FALSE,FALSE,FALSE,TRUE,FALSE,FALSE,FALSE,There is an issue that allows for a call to the Domain Sector function which allows for reentrancy. Additionally there were several code issues.
Data Analytics,f039433bc80c0e5009cf7bf3fc2008e12f9c1c46,https://chainsecurity.com/security-audit/maker-dss-flappers/,https://chainsecurity.com/blog/,Ethereum,FALSE,FALSE,FALSE,FALSE,FALSE,FALSE,FALSE,FALSE,FALSE,FALSE,FALSE,FALSE,FALSE,FALSE,FALSE,FALSE,FALSE,FALSE,FALSE,FALSE,FALSE,FALSE,FALSE,FALSE,FALSE,FALSE,FALSE,FALSE,FALSE,FALSE,FALSE,FALSE,everything corrected
Data Analytics,b148fa19a6deee72ed33c34bf15a1bd569d9d13b,https://www.halborn.com/audits/erd/ethereum-reserve-dollar-smart-contract-security-assessment,https://www.halborn.com,Ethereum,FALSE,FALSE,FALSE,FALSE,FALSE,FALSE,FALSE,FALSE,FALSE,FALSE,FALSE,FALSE,FALSE,FALSE,FALSE,FALSE,FALSE,FALSE,TRUE,FALSE,FALSE,FALSE,FALSE,FALSE,FALSE,FALSE,TRUE,FALSE,FALSE,FALSE,FALSE,FALSE,Bad contract is marked as true as it has several code errors. Some operations are reliant on chain link for data.
Data Analytics,0xD0aE7da0EcE12811ce13297257d7fc42848E107E,https://www.synternet.com/blog,https://wp.hacken.io/wp-content/uploads/2022/03/HACKEN_SyntropyNetworkLimitedCompany_03022022SCAudit_Report.pdf,Ethereum,FALSE,FALSE,FALSE,FALSE,FALSE,FALSE,FALSE,FALSE,FALSE,FALSE,FALSE,FALSE,FALSE,FALSE,TRUE,FALSE,FALSE,FALSE,FALSE,FALSE,FALSE,FALSE,FALSE,FALSE,FALSE,FALSE,FALSE,FALSE,FALSE,FALSE,FALSE,FALSE,"The report notes that the smart contract has a whitelisting mechanism with a potential vulnerability where the whitelist is not limited to 500 slots in the contract itself, allowing for bypass through direct contract calls."
Data Analytics,0x6f259637dcD74C767781E37Bc6133cd6A68aa161,https://blog.huobi.pro/hc/en-us,https://wp.hacken.io/wp-content/uploads/2022/04/Huobi_TokenSCAudit_Report.pdf,Ethereum,FALSE,FALSE,FALSE,FALSE,FALSE,FALSE,FALSE,FALSE,FALSE,FALSE,FALSE,FALSE,FALSE,FALSE,FALSE,FALSE,FALSE,FALSE,FALSE,FALSE,FALSE,FALSE,FALSE,FALSE,FALSE,FALSE,FALSE,FALSE,FALSE,FALSE,FALSE,FALSE,None marked true
Data Analytics,7454bbcfcdb50addee5fefe3742879d1fac75c81,https://aurora.dev/blog,https://wp.hacken.io/wp-content/uploads/2022/07/AuroraLabs_27032023_SCAudit_Report.pdf,Ethereum,FALSE,FALSE,FALSE,FALSE,FALSE,FALSE,FALSE,FALSE,FALSE,TRUE,FALSE,FALSE,FALSE,FALSE,FALSE,FALSE,FALSE,FALSE,FALSE,FALSE,FALSE,FALSE,FALSE,FALSE,FALSE,FALSE,FALSE,FALSE,FALSE,FALSE,FALSE,FALSE,"This contract is not using Ethereum, it is actually using The NEAR Protocol, so we can not find it deployed on the Ethereum blockchain The report mentions that ownership can be renounced and then reassigned by the contract's private key owner."
Data Analytics,7fee64d49359b22f4dbb848b0ab05e412f422b1c,https://blog.humans.ai/,https://wp.hacken.io/wp-content/uploads/2021/12/HumansTokenAG_06122021SCAudit_Report_3.pdf,Ethereum,FALSE,FALSE,FALSE,FALSE,FALSE,FALSE,FALSE,FALSE,FALSE,FALSE,FALSE,FALSE,FALSE,FALSE,FALSE,FALSE,FALSE,FALSE,FALSE,FALSE,FALSE,FALSE,FALSE,FALSE,FALSE,FALSE,FALSE,FALSE,FALSE,FALSE,FALSE,FALSE,No risk tags found on the report.
Data Analytics,0x21940FD3A12528FA0dF6C31821ed517eF7323629,https://hacken.io/audits/syntropy-network/,https://wp.hacken.io/wp-content/uploads/2022/03/HACKEN_SyntropyNetworkLimitedCompany_03022022SCAudit_Report.pdf,Ethereum,FALSE,FALSE,FALSE,FALSE,FALSE,FALSE,FALSE,FALSE,FALSE,FALSE,FALSE,FALSE,FALSE,FALSE,TRUE,FALSE,FALSE,FALSE,FALSE,FALSE,FALSE,FALSE,FALSE,FALSE,FALSE,FALSE,FALSE,FALSE,FALSE,FALSE,FALSE,FALSE,"It is acknowledged that the smart contract itself doesnâ€™t limit the whitelist to be 500 slots maximum and it's ensured that such limitation is provided on the frontend UI. However, any frontend limitations could be bypassed by directly calling the smart contract"
Data Analytics,0x747d74db20cc422f39ab54edb2a3ce21f3c98af1,https://hacken.io/audits/cgu/,https://wp.hacken.io/wp-content/uploads/2021/12/ChronoTech-CGU_20122021SCAudit_Report.pdf,Ethereum,FALSE,FALSE,FALSE,FALSE,FALSE,FALSE,FALSE,FALSE,FALSE,FALSE,FALSE,FALSE,FALSE,FALSE,FALSE,FALSE,FALSE,FALSE,FALSE,FALSE,FALSE,FALSE,FALSE,FALSE,FALSE,FALSE,FALSE,FALSE,FALSE,FALSE,FALSE,FALSE,No risk tags found
Data Analytics,379a0af795a388c2082bb54fd6ef7678157f0316,https://chainsecurity.com/security-audit/mangrove-core/,https://chainsecurity.com/blog/,Ethereum,FALSE,FALSE,FALSE,FALSE,FALSE,FALSE,FALSE,FALSE,FALSE,FALSE,FALSE,FALSE,FALSE,FALSE,FALSE,FALSE,FALSE,FALSE,FALSE,FALSE,FALSE,FALSE,FALSE,FALSE,TRUE,TRUE,TRUE,FALSE,FALSE,FALSE,FALSE,FALSE,Centralized Risk Low: The contract is designed with mechanisms that minimize centralization risks. Event Setter: The contract uses event setters to trigger specific actions or notifications. External Dependencies: The contract relies on external elements such as ERC-20 tokens and oracles for its operations.
Data Analytics,cbac5aba53f87b388e08f169481d6b5c29002c27,https://chainsecurity.com/security-audit/vyper-compiler-built-ins-and-bytecode-generation/,https://chainsecurity.com/blog/,Ethereum,FALSE,FALSE,FALSE,FALSE,FALSE,FALSE,FALSE,FALSE,FALSE,FALSE,FALSE,FALSE,FALSE,FALSE,FALSE,FALSE,FALSE,TRUE,FALSE,FALSE,FALSE,FALSE,FALSE,FALSE,FALSE,FALSE,TRUE,FALSE,FALSE,FALSE,FALSE,FALSE,"Exploitation: Medium and low severity findings were related to potential exploitations, such as extract32's Input Is Not Cached and various minor issues. External Dependencies: The Vyper Compiler has dependencies that, if compromised, could introduce risks."
Data Analytics,0x3C5c2F4bCeC51a36494682f91Dbc6cA7c63B514C,https://rekt.news/,https://rekt.news/curio-rekt/,Ethereum,FALSE,FALSE,FALSE,FALSE,FALSE,FALSE,FALSE,FALSE,FALSE,FALSE,FALSE,FALSE,FALSE,FALSE,FALSE,FALSE,FALSE,TRUE,FALSE,FALSE,FALSE,FALSE,TRUE,TRUE,FALSE,FALSE,TRUE,FALSE,FALSE,FALSE,FALSE,FALSE,"Exploitation: The Curio exploit involved sophisticated governance manipulation and financial strategies, leading to significant losses. Attackers exploited a vulnerability within the governance system to drain funds, showing the critical impact of inadequate governance controls. Centralized Risk Medium: The governance model had a moderate level of centralized control. This control was exploited by attackers, indicating that even moderate centralization in governance can pose significant risks if not properly managed. Centralized Risk High: The exploit highlighted significant centralized control within the governance system. Attackers were able to leverage this centralization to execute their plan, showing that high centralization can lead to catastrophic failures. External Dependencies: The exploit leveraged external dependencies within the governance system. These dependencies created additional vulnerabilities, which highlights the importance of minimizing external reliance and ensuring robust security for all integrated components."
Data Analytics,0x7259e152103756e1616A77Ae982353c3751A6a90,https://rekt.news/abra-rekt/,https://rekt.news/abra-rekt/,Ethereum,FALSE,FALSE,FALSE,FALSE,FALSE,FALSE,FALSE,FALSE,FALSE,FALSE,FALSE,FALSE,FALSE,FALSE,FALSE,FALSE,FALSE,TRUE,TRUE,FALSE,FALSE,FALSE,FALSE,TRUE,FALSE,FALSE,TRUE,FALSE,FALSE,FALSE,FALSE,FALSE,"Exploitation: The exploit involved manipulating the borrow function of the CauldronV4 contract using a rounding error. Attackers repeatedly borrowed and repaid assets to inflate the share price, draining $6.5M in the process. Bad Contract : The critical flaw in the CauldronV4 contract's rounding logic allowed the exploit to occur, indicating a significant issue in the contract's design. Centralized Risk High: The exploit demonstrated high centralized control over the contract's functionality, leading to significant losses when the flaw was exploited. External Dependencies: The exploit leveraged external dependencies within the CauldronV4 contract and other components, showing how external elements can introduce additional vulnerabilities."
Data Analytics,bea9744af95953963552057c8a7d2124ec1bd33d,https://chainsecurity.com/security-audit/eip-4788-contract/,https://chainsecurity.com/blog/,Ethereum,FALSE,FALSE,FALSE,FALSE,FALSE,FALSE,FALSE,FALSE,FALSE,FALSE,FALSE,FALSE,FALSE,FALSE,FALSE,FALSE,FALSE,TRUE,FALSE,FALSE,FALSE,FALSE,FALSE,FALSE,FALSE,FALSE,FALSE,FALSE,FALSE,FALSE,FALSE,FALSE,"The exploitation risk tag was flagged as true due to the contract having a bug with the Zero-Timestamp, which can lead to exploitation by accepting invalid data."
Data Analytics,729ba8c69e29da75f140f1abcaf649972eb47c7e,https://chainsecurity.com/security-audit/makerdao-sparklendconduit-smart-contracts/,https://chainsecurity.com/blog/,Ethereum,FALSE,FALSE,FALSE,FALSE,FALSE,FALSE,FALSE,FALSE,FALSE,TRUE,TRUE,FALSE,FALSE,FALSE,TRUE,FALSE,FALSE,FALSE,FALSE,FALSE,FALSE,FALSE,TRUE,FALSE,FALSE,FALSE,TRUE,FALSE,FALSE,FALSE,FALSE,FALSE,The tag can_take_back_ownership was flagged true because the contract has administrative functions that allow changing roles and ownership. The tag owner_change_balance was flagged true because it allows authorized roles to manage deposits and withdrawals which is also adjustable by the owner. The tag is_whitelisted was flagged true due to the authorization mechanisms used to control access to its functions. The tag centralzied_risk_medium was flagged true because medium level of centralization risk posed by the significant control being centralized in the administrative roles. The tag external_dependencies was flagged true because of relying external systems and the risks introduced with them
Data Analytics,f039433bc80c0e5009cf7bf3fc2008e12f9c1c46,https://chainsecurity.com/security-audit/maker-dss-flappers/,https://chainsecurity.com/blog/,Ethereum,FALSE,FALSE,FALSE,FALSE,FALSE,FALSE,FALSE,FALSE,FALSE,FALSE,TRUE,TRUE,FALSE,FALSE,TRUE,FALSE,FALSE,FALSE,FALSE,FALSE,FALSE,FALSE,TRUE,FALSE,FALSE,FALSE,TRUE,FALSE,FALSE,FALSE,FALSE,FALSE,can_take_back_ownership: Can change state of Splitter in an emergency allowing for privileged roles to regain control. is_whitelisted: Uses authorization mechanisms to restrict function access. centralized_risk_medium: Significant control centralized in administrative roles external_dependencies: Relies on external dependencies like Uniswap V2
Data Analytics,146eadf96e556cb599de4fa36b31ca9686733631,https://chainsecurity.com/security-audit/truefi-fluorine-smart-contracts/,https://chainsecurity.com/blog/,Ethereum,FALSE,FALSE,FALSE,FALSE,FALSE,FALSE,FALSE,FALSE,FALSE,FALSE,TRUE,FALSE,FALSE,FALSE,TRUE,FALSE,FALSE,TRUE,FALSE,FALSE,FALSE,FALSE,TRUE,FALSE,FALSE,FALSE,FALSE,FALSE,FALSE,FALSE,FALSE,FALSE,"owner_change_balance: Manager has control over the portfoloio, being able to update state, disburse funds, and change balances is_whitelisted: Uses authorization mechanisms to restrict function accessâ€‹â€‹. exploitation: Potential exploit with the accepted risk for a sandwich attack centralized_risk_medium: Significant control centralized within administrative roles."
Data Analytics,6e57eafcdc7b9a08ccb0369bf135a69ce4680be5,https://hacken.io/audits/nimbus/,https://hacken.io/research/,Ethereum,FALSE,FALSE,FALSE,FALSE,FALSE,FALSE,FALSE,FALSE,FALSE,FALSE,FALSE,FALSE,FALSE,FALSE,FALSE,FALSE,FALSE,TRUE,TRUE,FALSE,FALSE,FALSE,FALSE,FALSE,FALSE,FALSE,FALSE,FALSE,FALSE,FALSE,FALSE,FALSE,"Bad contract: - If the function doesn't handle frozen and active balances properly, it can cause the transfer function to fail unexpectedly. It's like having both spendable money and money that's on hold in your bank account, but the ATM doesn't distinguish between them. If you try to withdraw more than the spendable amount, the transaction fails. This shows poor design or implementation in the contract. - Summing balances of different tokens and using those values in calculations can lead to incorrect results and unexpected behaviours. This shows a fundamental flaw in the contract's design or implementation. - If a function returns a 0 address for all users whose sponsorId is lower than a certain value, it indicates poor design or implementation in the contract. - If a function does not actually transfer anything for sponsors with an ID lower than 1000000001, it indicates a flaw or bug in the contract's logic. - If a function returns a zero address for all sponsors with an ID less than 1000000001, and such an ID is unreachable, it indicates a serious flaw in the contract's logic. - Using the SafeMath library in compiler versions >= 8.0.0 is unnecessary because the Solidity compiler already includes built-in overflow and underflow checks for all arithmetic operations on uint types. This redundancy can make the contract more complex and harder to maintain, similar to using outdated safety features in a modern car that already has advanced safety systems. Exploitation: When vesting types are not validated and any number can be passed, it opens the contract to potential exploitation. Without validation, attackers can pass invalid or malicious values, leading to unexpected behavior and possible security vulnerabilities."
Data Analytics,76a2dc84776e9881423bde9033f6f03fad385518,https://hacken.io/audits/wrapped-millix/,https://wp.hacken.io/wp-content/uploads/2023/03/Millix_Foundation_SC-Audit-Report_01_03_2023_SA-1017.docx.pdf,Ethereum,FALSE,FALSE,FALSE,FALSE,FALSE,FALSE,TRUE,TRUE,FALSE,FALSE,TRUE,FALSE,TRUE,TRUE,FALSE,FALSE,FALSE,FALSE,FALSE,FALSE,FALSE,FALSE,TRUE,FALSE,TRUE,FALSE,FALSE,FALSE,FALSE,FALSE,FALSE,TRUE,"Audit says owner can pause, unpause, burn, mint processes. I am unsure what burn means, but it sounds like it could be akin to a self-destruct. This also sounds like the owner the owner can change processes, which could allow the owner to adjust price differences so I tagged slippage_modification. It seems like the owner has a lot of control so I tagged centralized risk medium, because it is still open sourced. Audit mentions burn fee so I tagged sell fee. I tagged event_maths because there was an issue with the math for the burn fee function charging a higher fee than intended. Audit also suggests owner can access user funds, so I tagged owner_changed_balance. Contract requires users to trust owner, so trust list is tagged."
Data Analytics,75930dd20fd95553d9802488ba3e0e883b8f7eb1,https://www.halborn.com/audits/polygon/avail-substrate-pallet-security-assessment,https://www.halborn.com/audits,Polygon,FALSE,FALSE,FALSE,FALSE,FALSE,FALSE,FALSE,FALSE,FALSE,FALSE,FALSE,FALSE,FALSE,FALSE,FALSE,FALSE,FALSE,FALSE,TRUE,FALSE,FALSE,FALSE,FALSE,FALSE,FALSE,FALSE,TRUE,FALSE,FALSE,FALSE,FALSE,FALSE,Contracts contain unimplemented methods and missing features. Reliance on vulnerable external crates is highlighted.
Data Analytics,086b74c7329db725358a0b8c45ee73d7dcb5f8a,https://hacken.io/case-studies/case-study-smart-contract-audit-for-itheum/,https://hacken.io/research/,Ethereum,FALSE,FALSE,FALSE,FALSE,FALSE,FALSE,FALSE,FALSE,FALSE,TRUE,FALSE,FALSE,TRUE,FALSE,FALSE,FALSE,FALSE,FALSE,FALSE,FALSE,FALSE,FALSE,FALSE,FALSE,FALSE,FALSE,FALSE,TRUE,FALSE,FALSE,FALSE,FALSE,"can_take_back_ownership: The audit report mentions that the Owner of the smart contract has the ability to manually put in a new claim amount for an address and a claim type. This implies that the owner has control over the contract, including the ability to reclaim ownership if needed. selfdestruct: The audit report mentions that the smart contract includes a selfdestruct mechanism. immutable_states: The audit report mentions that the smart contract has immutable states."
Data Analytics,18e128343731b9bde23812ce932e24d81440b6b7,https://blog.openzeppelin.com/optimism-smart-contracts-audit,https://blog.openzeppelin.com/,Optimism,FALSE,FALSE,FALSE,FALSE,FALSE,FALSE,FALSE,FALSE,FALSE,FALSE,FALSE,FALSE,FALSE,FALSE,FALSE,FALSE,FALSE,FALSE,FALSE,FALSE,FALSE,FALSE,FALSE,FALSE,FALSE,FALSE,TRUE,FALSE,FALSE,FALSE,FALSE,FALSE,external_dependencies: The audit report mentions interactions between Layer 1 contracts and off-chain services (such as the Sequencer). This implies that the system has external dependencies beyond its own codebase.
Data Analytics,0xcaf216d1975f75ab3fed520e1e3325dac3e79e05,https://blog.openzeppelin.com/the-hitchhikers-guide-to-smart-contracts-in-ethereum-848f08001f05,https://blog.openzeppelin.com/,Ethereum,FALSE,FALSE,FALSE,FALSE,FALSE,FALSE,FALSE,FALSE,FALSE,FALSE,FALSE,FALSE,TRUE,FALSE,FALSE,FALSE,FALSE,FALSE,FALSE,FALSE,FALSE,FALSE,FALSE,FALSE,FALSE,FALSE,FALSE,FALSE,FALSE,FALSE,FALSE,FALSE,"selfdestruct: The Ethereum smart contract allows for the selfdestruct function, which allows a contract to destroy itself and send its remaining Ether to a designated address. This function can be used for various purposes, such as shutting down a contract or reclaiming funds in certain scenarios."
Data Analytics,8086e7b,https://blog.openzeppelin.com/erc-4337-account-abstraction-incremental-audit,https://blog.openzeppelin.com/,Ethereum,FALSE,FALSE,TRUE,FALSE,FALSE,FALSE,FALSE,FALSE,FALSE,FALSE,FALSE,FALSE,FALSE,FALSE,FALSE,FALSE,FALSE,FALSE,FALSE,FALSE,FALSE,FALSE,FALSE,FALSE,FALSE,FALSE,TRUE,FALSE,FALSE,FALSE,FALSE,FALSE,"anti_whale_modifiable: This is true because the system allows for modifications to anti-whale mechanisms, indicating that parameters related to anti-whale measures can be adjusted. external_dependencies: This is true because the system integrates with external dependencies such as Chainlink oracles and Uniswap, relying on their functionality for certain operations."
Data Analytics,1e781bcccfaeb9a4bb9531155193a459257afd8d,https://hacken.io/case-studies/hacken-tests-safety-of-selfllery-9b8603a90ae4/,https://hacken.io/research/,Ethereum,FALSE,FALSE,FALSE,FALSE,FALSE,FALSE,FALSE,FALSE,FALSE,FALSE,FALSE,FALSE,FALSE,FALSE,FALSE,FALSE,FALSE,FALSE,FALSE,FALSE,FALSE,FALSE,TRUE,FALSE,FALSE,FALSE,FALSE,FALSE,FALSE,FALSE,FALSE,FALSE,centralized_risk_medium - Hacken audit suggests some improvements needed for security
Data Analytics,7ead8c55da3770c4d39db8c89a8aa20ec62e97b1,https://blog.openzeppelin.com/props-token-contracts-audit-2,https://blog.openzeppelin.com/,Ethereum,FALSE,TRUE,FALSE,TRUE,FALSE,FALSE,FALSE,FALSE,FALSE,FALSE,FALSE,FALSE,FALSE,FALSE,FALSE,FALSE,FALSE,FALSE,TRUE,FALSE,FALSE,FALSE,FALSE,TRUE,FALSE,FALSE,TRUE,FALSE,FALSE,FALSE,FALSE,FALSE,"hidden_owner: The audit identified instances where certain contracts had functions or properties that could potentially allow an owner to have hidden control over the contract, indicating the presence of a hidden owner. Is_anti_whale: The audit pointed out issues related to anti-whale measures, such as the potential locking of tokens in certain scenarios, indicating that the contract implements anti-whale features. bad_contract: The audit identified certain contracts or functions within contracts that exhibited problematic behavior or deviations from best practices, suggesting the presence of a bad contract. centralized_risk_high: The audit flagged certain risks associated with centralization, indicating that the project carries a high level of centralized risk. external_dependencies: The audit noted dependencies on external factors or systems that could impact the functionality or security of the contract, highlighting the presence of external dependencies."
Data Analytics,2eb33b5e8454dba148373b6cb64ede4f7436fad7,https://blog.openzeppelin.com/compound-polygon-bridge-receiver-audit,https://blog.openzeppelin.com/,Polygon,FALSE,FALSE,FALSE,FALSE,FALSE,FALSE,FALSE,FALSE,FALSE,FALSE,FALSE,FALSE,FALSE,FALSE,FALSE,FALSE,FALSE,FALSE,FALSE,FALSE,FALSE,TRUE,TRUE,FALSE,FALSE,FALSE,TRUE,FALSE,FALSE,FALSE,FALSE,FALSE,"encode_packed_parameters: The audit recommends using the packed callData output instead of relying on the signature and data fields for getting the txHash when queuing transactions. This is to prevent the possibility of sending a duplicated transaction by sending one with the function signature and another with the 4-byte function selector attached to the data field, which would create two different hashes and allow the same transaction to be executed twice. centralized_risk_medium: The audit mentions a medium centralization risk due to the reliance on the Polygon bridge and validators. Specifically, the project has to rely on the security model and availability of the Polygon bridge system when sending a proposal. Additionally, Compound must trust that Polygon validators will pick up transactions from the Ethereum mainnet and place the messages in the Polygon network without delays or censorship. external_dependencies: The code relies on external dependencies, primarily the Polygon bridge, to send messages from the Ethereum mainnet to the Polygon network. The audit highlights that if the bridge is not functioning, compound will not have the tools to take corrective actions over their Polygon deployment."
Data Analytics,Firstsmartcontract,https://github.com/ethereum-optimism/optimism/blob/op-contracts/v1.3.0/packages/contracts-bedrock/src/L2/BaseFeeVault.sol,https://docs.optimism.io/stack/protocol/smart-contracts,Optimism,FALSE,TRUE,FALSE,FALSE,FALSE,TRUE,TRUE,TRUE,FALSE,FALSE,TRUE,TRUE,FALSE,FALSE,FALSE,FALSE,FALSE,TRUE,FALSE,TRUE,TRUE,TRUE,TRUE,TRUE,TRUE,FALSE,TRUE,FALSE,TRUE,FALSE,FALSE,FALSE,"The true risk tags for the Firstsmartcontract are based on vulnerabilities identified through audits and expert reviews. The hidden owner risk reflects potential undisclosed control, posing misuse risks. Modifiable slippage settings and the ability for the owner to change balances can be exploited, disadvantaging users. The presence of buy tax and sell tax introduces transaction costs, increasing centralized risk due to significant owner control over contract functionalities. Vulnerabilities like encode packed collision and reentrancy without ETH transfer suggest risks of double spending and unauthorized transactions. These, along with external dependencies and exploitable contract features, present critical security concerns that could undermine user trust and contract integrity if not addressed. Tags were placed based on the smart contract."
Data Analytics,DelayedVetoable,https://github.com/ethereum-optimism/optimism/blob/op-contracts/v1.3.0/packages/contracts-bedrock/src/L1/DelayedVetoable.sol,https://github.com/ethereum-optimism/optimism/blob/op-contracts/v1.3.0/packages/contracts-bedrock/src/L1/DelayedVetoable.sol,Optimism,FALSE,TRUE,TRUE,TRUE,FALSE,TRUE,FALSE,FALSE,TRUE,FALSE,FALSE,FALSE,FALSE,FALSE,FALSE,FALSE,FALSE,FALSE,TRUE,TRUE,TRUE,TRUE,FALSE,TRUE,FALSE,TRUE,TRUE,TRUE,FALSE,FALSE,FALSE,TRUE,"This contract enables a delay before a call is forwarded to a target contract, and during the delay period the call can be vetoed by the authorized vetoer. This contract does not support value transfers, only data is forwarded. Additionally, this contract cannot be used to forward calls with data beginning with the function selector of the queuedAt(bytes32) function. This is because of input validation checks which solidity performs at runtime on functions which take an argument."
Data Analytics,L2OutputOracle,https://whisker17.vercel.app/,https://docs.optimism.io/stack/protocol/smart-contracts,Optimism,FALSE,TRUE,TRUE,TRUE,TRUE,TRUE,TRUE,FALSE,FALSE,FALSE,TRUE,FALSE,FALSE,FALSE,FALSE,FALSE,FALSE,FALSE,FALSE,FALSE,FALSE,TRUE,TRUE,TRUE,FALSE,TRUE,FALSE,TRUE,FALSE,FALSE,FALSE,TRUE,"The L2OutputOracle contains an array of L2 state outputs, where each output is a commitment to the state of the L2 chain. Other contracts like the OptimismPortal use these outputs to verify information about the state of L2."
Data Analytics,OptimismPortal,https://www.optimism.io/,https://github.com/ethereum-optimism/optimism/blob/op-contracts/v1.3.0/packages/contracts-bedrock/src/L1/OptimismPortal.sol,Optimism,TRUE,TRUE,FALSE,FALSE,TRUE,TRUE,FALSE,TRUE,TRUE,TRUE,TRUE,TRUE,FALSE,TRUE,TRUE,FALSE,FALSE,FALSE,FALSE,FALSE,TRUE,TRUE,FALSE,FALSE,FALSE,FALSE,TRUE,TRUE,TRUE,FALSE,FALSE,FALSE,The OptimismPortal is a low-level contract responsible for passing messages between L1 and L2. Messages sent directly to the OptimismPortal have no form of replayability. Users are encouraged to use the L1CrossDomainMessenger for a higher-level interface.
Data Analytics,ProtocolVersions,https://github.com/ethereum-optimism/optimism/blob/op-contracts/v1.3.0/packages/contracts-bedrock/src/L1/ProtocolVersions.sol,https://docs.optimism.io/stack/protocol/smart-contracts,Optimism,TRUE,FALSE,FALSE,TRUE,FALSE,TRUE,FALSE,TRUE,TRUE,TRUE,TRUE,FALSE,FALSE,TRUE,FALSE,FALSE,TRUE,TRUE,TRUE,TRUE,TRUE,TRUE,FALSE,FALSE,FALSE,FALSE,FALSE,FALSE,TRUE,FALSE,TRUE,FALSE,The ProtocolVersions contract is used to manage superchain protocol version information.
Data Analytics,L1Block,https://medium.com/onther-tech/optimism-bedrock-wrap-up-series-1-eng-b925532ac146,https://github.com/ethereum-optimism/optimism/blob/op-contracts/v1.3.0/packages/contracts-bedrock/src/L2/L1Block.sol,Optimism,FALSE,TRUE,TRUE,FALSE,FALSE,TRUE,TRUE,TRUE,FALSE,FALSE,TRUE,TRUE,TRUE,TRUE,FALSE,FALSE,FALSE,TRUE,TRUE,TRUE,FALSE,FALSE,TRUE,TRUE,FALSE,TRUE,FALSE,FALSE,FALSE,FALSE,TRUE,FALSE,"The L1Block predeploy gives users access to information about the last known L1 block. Values within this contract are updated once per epoch (every L1 block) and can only be set by the depositor account, a special system address. Depositor account transactions are created by the protocol whenever we move to a new epoch."
Data Analytics,L1FeeVault,https://github.com/sherlock-audit/2023-01-optimism/blob/main/optimism/specs/predeploys.md,https://docs.optimism.io/stack/protocol/smart-contracts,Optimism,FALSE,TRUE,TRUE,TRUE,FALSE,TRUE,FALSE,FALSE,FALSE,TRUE,FALSE,FALSE,FALSE,TRUE,TRUE,FALSE,FALSE,TRUE,TRUE,TRUE,FALSE,TRUE,FALSE,FALSE,FALSE,FALSE,TRUE,FALSE,TRUE,FALSE,FALSE,TRUE,The L1FeeVault accumulates the L1 portion of the transaction fees.
Data Analytics,DeployerWhitelist,https://github.com/ethereum-optimism/optimism/blob/op-contracts/v1.3.0/packages/contracts-bedrock/src/legacy/DeployerWhitelist.sol,https://github.com/ethereum-optimism/optimism/blob/op-contracts/v1.3.0/packages/contracts-bedrock/src/legacy/DeployerWhitelist.sol,Optimism,FALSE,FALSE,FALSE,TRUE,FALSE,TRUE,FALSE,FALSE,FALSE,FALSE,TRUE,FALSE,FALSE,FALSE,FALSE,FALSE,FALSE,FALSE,FALSE,TRUE,FALSE,FALSE,TRUE,TRUE,FALSE,TRUE,FALSE,FALSE,FALSE,FALSE,TRUE,FALSE,"DeployerWhitelist is a legacy contract that was originally used to act as a whitelist of addresses allowed to the Optimism network. The DeployerWhitelist has since been disabled, but the code is kept in state for the sake of full backwards compatibility. As of the Bedrock upgrade, the DeployerWhitelist is completely unused by the Optimism system and could, in theory, be removed entirely."
Data Analytics,bf1f1ea9e7fbc1efee575107f557bcb450673e92,https://skynet.certik.com/projects/polygon,https://www.certik.com,Polygon,FALSE,FALSE,FALSE,FALSE,FALSE,FALSE,FALSE,FALSE,FALSE,FALSE,FALSE,FALSE,FALSE,FALSE,FALSE,FALSE,FALSE,FALSE,TRUE,FALSE,FALSE,FALSE,FALSE,FALSE,FALSE,FALSE,FALSE,FALSE,FALSE,FALSE,FALSE,FALSE,"In the main loop of the function checkSignatures() if the validator status is locked it is added to the unsigned validator array, but the main validator id is not updated, hence it will be added again to the unsigned validator array in the next iteration. Unlike unstaked validator this can happen because jailed validator's signer still appears in the array signers ."
Data Analytics,bc190ee239733b819d5a7976e875a4babf2a82f1,https://hacken.io/audits/prom/,https://wp.hacken.io/wp-content/uploads/2022/10/PrometeusLabsVentures_05042022SCAudit_Report_3.pdf,Ethereum,FALSE,FALSE,FALSE,FALSE,FALSE,FALSE,FALSE,FALSE,FALSE,FALSE,FALSE,FALSE,FALSE,FALSE,FALSE,FALSE,FALSE,TRUE,FALSE,FALSE,FALSE,FALSE,TRUE,FALSE,FALSE,FALSE,TRUE,FALSE,FALSE,FALSE,FALSE,FALSE,"The risk tags marked true reflect vulnerabilities and dependencies that could potentially compromise the security and integrity of the Prometeus Labs Ventures smart contracts. Critical vulnerabilities such as incorrect balance checking and potential logic inconsistencies highlight significant security concerns. Additionally, external dependencies on libraries increase the risk of vulnerabilities affecting the contracts."
Data Analytics,57700807d512ae2ea36722b450169d41f63e1df7,https://docs.coinweb.io/,https://wp.hacken.io/wp-content/uploads/2021/12/Coinweb_22122021SCAudit_Report_4.pdf,Ethereum,FALSE,FALSE,FALSE,FALSE,FALSE,FALSE,FALSE,FALSE,FALSE,FALSE,FALSE,FALSE,FALSE,FALSE,FALSE,FALSE,FALSE,FALSE,FALSE,FALSE,FALSE,FALSE,FALSE,FALSE,FALSE,FALSE,FALSE,FALSE,FALSE,FALSE,FALSE,FALSE,"There are no risk tags marked as true based on the audit report for Coinweb, indicating a generally secure and well-reviewed set of smart contracts. However, the contract was stated to not compile properly which could lead to incomplete data and other associated risks."
Data Analytics,f8881f9,https://hacken.io/case-studies/dexalot-dex-smart-contracts-audited-by-hacken/,https://hacken.io/,Ethereum,TRUE,TRUE,TRUE,TRUE,FALSE,TRUE,TRUE,TRUE,FALSE,TRUE,TRUE,FALSE,FALSE,TRUE,TRUE,TRUE,FALSE,TRUE,TRUE,TRUE,TRUE,TRUE,TRUE,TRUE,FALSE,TRUE,TRUE,FALSE,TRUE,TRUE,TRUE,TRUE,encode_packed_collision and encode_packed_parameters: Vulnerabilities in encoding functions could result in exploitation or unexpected behavior. as well as centralized_risk_medium and centralized_risk_high: Levels of centralization pose threats to decentralization principles or user autonomy. then event_setter: Modification of event parameters could enable manipulation or misleading representations of on-chain events. then buy_tax and sell_tax: Taxes or fees imposed on purchases and sales could affect trading activity or user incentives.
Data Analytics,c810a2400e54f61014943544719246f0c8b66401,https://skynet.certik.com/projects/polygon,https://www.certik.com,Polygon,FALSE,FALSE,FALSE,FALSE,FALSE,FALSE,FALSE,FALSE,FALSE,FALSE,FALSE,FALSE,FALSE,FALSE,FALSE,FALSE,FALSE,TRUE,FALSE,FALSE,FALSE,TRUE,FALSE,FALSE,FALSE,FALSE,FALSE,FALSE,FALSE,FALSE,FALSE,FALSE,"The repeated exit is best classified as Exploitation because the vulnerability allows a malicious actor to bypass verification and exit multiple times, taking advantage of the flaw in the contract's logic to manipulate the system for repeated benefits. Also the replay attack, it is best classified under Exploitation as it allows malicious actors to exploit the replay attack vector, potentially causing unintended actions and financial losses for the user. The non-unique unit encoding issue can be classified as Encode Packed Parameters vulnerability. The problem lies in the encoding and decoding process of `RLPItem` representing uint, where the prefix length is not correctly validated. This can lead to incorrect or non-unique uint values being accepted, potentially causing security vulnerabilities or unexpected behaviors."
Data Analytics,c65e22065d8b6cf7e8f7bea95675ee0b1af0567f,https://consensys.io/diligence/audits/2024/02/trillion-network/,https://consensys.io/,Ethereum,FALSE,FALSE,FALSE,FALSE,FALSE,FALSE,FALSE,FALSE,FALSE,FALSE,FALSE,FALSE,FALSE,TRUE,FALSE,FALSE,FALSE,TRUE,TRUE,FALSE,FALSE,FALSE,FALSE,FALSE,FALSE,FALSE,FALSE,FALSE,FALSE,FALSE,FALSE,FALSE,"I marked trust list and exploitation because they had an issue with there being no limit for minting amount, which for me means there is a a door open for exploitation of value which is not an intended outcome therefore it is a vulnerability. Also for trust, they had an issue with private keys beign exposed in the deployment and upgrade script which means for me meant that there had to have been a trust that when your private key is broadcast, your account won't be taken advantage of."
Data Analytics,6f5b16dddf99624e2874876145987002ba6d4df5,https://consensys.io/diligence/blog/,https://consensys.io/diligence/audits/2024/03/msq-snap/,Ethereum,FALSE,FALSE,TRUE,FALSE,FALSE,FALSE,FALSE,FALSE,FALSE,FALSE,FALSE,FALSE,FALSE,FALSE,FALSE,FALSE,TRUE,FALSE,TRUE,FALSE,FALSE,TRUE,TRUE,FALSE,FALSE,FALSE,TRUE,FALSE,FALSE,FALSE,FALSE,FALSE,Most of the risk tags that were marked true had to do with user engagement and the user not being informed of the decisions that were being made or a third party having more control and taking information such as the unique keys that the user has etc.
Data Analytics,9154f8ef02f65ba4a7769e6f8020d0e3e4b05079,https://consensys.io/diligence/blog/,https://consensys.io/diligence/audits/,Ethereum,FALSE,FALSE,FALSE,FALSE,FALSE,FALSE,FALSE,FALSE,FALSE,TRUE,TRUE,FALSE,FALSE,FALSE,FALSE,FALSE,FALSE,TRUE,TRUE,FALSE,FALSE,FALSE,TRUE,FALSE,FALSE,FALSE,FALSE,FALSE,FALSE,FALSE,FALSE,FALSE,"The risk tags coincide with not having the owner publicly known as some of them have a private key and due to this, it exposes the owner's identity and potentially compromises their account. In addition, as the contracts are public and not a closed source, they could also attract malicious attackers to exploit these vulnerabilities within the smart contracts to steal funds/disrupt operations."
Data Analytics,fa2e17367d66a85f20c77299ded5942d9ab64fe0,https://consensys.io/diligence/audits/2021/03/umbra-smart-contracts/,https://consensys.io/,Ethereum,FALSE,FALSE,FALSE,FALSE,FALSE,FALSE,FALSE,FALSE,FALSE,FALSE,FALSE,FALSE,FALSE,FALSE,FALSE,FALSE,FALSE,TRUE,TRUE,TRUE,FALSE,FALSE,TRUE,FALSE,FALSE,FALSE,FALSE,FALSE,FALSE,FALSE,FALSE,FALSE,"I believe that the issue of Reusing CHAINID from contract deployment could be exploited and could lead to unauthorized token. withdrawls, which in turn creates a medium centralized. As well as bad contracts which i added because it poses a risk to the secuirty of the system"
Data Analytics,5dc7840703af4b8a48a9a8f081a957df7ba935a5,https://chainsecurity.com/security-audit/enzyme-31third-adapter/,https://chainsecurity.com/smart-contract-audit-reports/,Ethereum,TRUE,FALSE,FALSE,FALSE,FALSE,FALSE,FALSE,FALSE,FALSE,FALSE,FALSE,FALSE,FALSE,FALSE,FALSE,FALSE,FALSE,FALSE,FALSE,FALSE,FALSE,FALSE,FALSE,FALSE,FALSE,FALSE,FALSE,FALSE,FALSE,FALSE,FALSE,FALSE,
Data Analytics,2144f6b0af21786be5ff96d42f2737d79cab3275,https://hacken.io/audits/dao-maker/.,https://hacken.io/research/,Ethereum,FALSE,FALSE,FALSE,FALSE,FALSE,FALSE,FALSE,FALSE,FALSE,TRUE,FALSE,FALSE,FALSE,FALSE,FALSE,FALSE,FALSE,FALSE,FALSE,FALSE,FALSE,FALSE,FALSE,TRUE,FALSE,FALSE,FALSE,FALSE,FALSE,FALSE,FALSE,FALSE,"centralized_risk_high- Like a company where the CEO makes all major decisions alone, risking everything if they make poor choices. The Farm contract may be stopped by owners.Owners can set up any number of unstake epochs and any burn rate. As a result, users may lose all their funds when the unstake function is called. Fixed before the second review.Contracts allows to withdraw all reward tokens from all Farms with a single transaction using the owner address. This issue may be exploited in a case of ownership takeover. can_take_back_ownership-This occurs when a smart contract allows previous owners or creators to regain control after having supposedly relinquished it."
Data Analytics,9db1acd46b52a63caebca1872e8d71 18b25fc478,https://chainsecurity.com/blog/,https://chainsecurity.com/security-audit/conic-protocol/,Ethereum,FALSE,FALSE,TRUE,FALSE,FALSE,FALSE,TRUE,TRUE,FALSE,FALSE,FALSE,FALSE,FALSE,FALSE,FALSE,FALSE,FALSE,TRUE,TRUE,FALSE,FALSE,FALSE,TRUE,FALSE,FALSE,FALSE,FALSE,FALSE,TRUE,FALSE,FALSE,TRUE,Most of the risk tags that were identified have to do with a malicious transfer or an involvement in not being able to identify certain information which was vital and could allow third parties to have access to user information.
Data Analytics,0x77d0cb0ab54f9e74b9405a5b3f60da06a78f1aad,https://hacken.io/audits/wrapped-millix/,https://hacken.io/research/,Ethereum,FALSE,FALSE,TRUE,FALSE,TRUE,TRUE,FALSE,TRUE,FALSE,FALSE,FALSE,FALSE,FALSE,FALSE,FALSE,FALSE,FALSE,FALSE,FALSE,FALSE,FALSE,FALSE,FALSE,FALSE,FALSE,FALSE,FALSE,FALSE,FALSE,FALSE,FALSE,TRUE,slippage_modifiable - in the contract user may inadvertently pay a higher burn fee than the current _burnFees amount. This can occur as a result of the use of the >= operator. This can lead to users to pay more fees than required. Recommendation: Either return the excessive amount to the user or use a strict equals for fees. this has been fixed events_maths- The functions do not emit events on change of important values Recommendation: Emit events on critical state changes. this has been fixed
Data Analytics,c7348f2c421b0c8d4bfacf746bfbb882e18cce13,https://consensys.io/diligence/blog/,https://consensys.io/diligence/audits/,Ethereum,FALSE,TRUE,FALSE,FALSE,FALSE,TRUE,FALSE,FALSE,FALSE,FALSE,FALSE,FALSE,FALSE,FALSE,FALSE,FALSE,FALSE,FALSE,TRUE,FALSE,FALSE,FALSE,FALSE,FALSE,TRUE,FALSE,FALSE,FALSE,FALSE,FALSE,FALSE,FALSE,"The identified risk tags encompass a spectrum of potential vulnerabilities and optimization opportunities within the smart contracts. No Protection of Uninitialized Implementation Contracts From Attacker highlights a medium-severity concern where contracts implementing OpenZeppelin's UUPS model lack the invocation of _disableInitializers in constructors, potentially exposing uninitialized implementation contracts to exploitation. Unsafe Function receiveFees identifies a minor risk, suggesting that the function's open accessibility in the Pool contract could lead to disruption of pool balance if anyone can send LYX tokens, recommending its removal or replacement with an access-controlled alternative. Similarly, Unnecessary Matching in Unstake Process points out a minor inefficiency in the unstakeProcessed function of the StakedLyxToken contract, advising an optimization to save gas by removing unnecessary matching. Lastly, Redundant Parameter in the Initialize Function highlights an optimization opportunity in the Pool contract, where the _withdrawalCredentials parameter in the initialize function is deemed redundant, recommending its removal to streamline contract initialization. These risk tags collectively offer insights into security vulnerabilities, gas optimization possibilities, and redundant parameters, aiming to enhance the robustness and efficiency of the smart contracts."
Data Analytics,8c6a772812160f7816c8f833feed9591fe4a771f,https://consensys.io/diligence/audits/2023/12/web3-tickets/,https://consensys.io/diligence/blog/,Ethereum,FALSE,FALSE,FALSE,FALSE,FALSE,FALSE,FALSE,FALSE,FALSE,FALSE,FALSE,FALSE,FALSE,FALSE,FALSE,FALSE,TRUE,FALSE,TRUE,FALSE,FALSE,FALSE,FALSE,FALSE,FALSE,TRUE,FALSE,FALSE,FALSE,FALSE,FALSE,FALSE,"bad contract- high risk that was on the contract where An attacker can create tickets for any arbitrary address by providing the corresponding address_key, even if he does not own the corresponding private key and also allows unauthorized access to potentially sensitive ticket information and the ability to impersonate users and create tickets and post comments to tickets belonging to other users event_setter- the Snap will only trigger a notification for the last updated ticket in this contract illegal_unicode- in the contract an operator could create a comment that falsely appears as if another person has joined the discussion"
Data Analytics,0x1a5B74FdBfF4E33b42f579E0Fb5D6bD3D7F9C12A,https://example.com/blogpost,https://example.com/audit,Ethereum,TRUE,TRUE,FALSE,FALSE,FALSE,FALSE,TRUE,FALSE,FALSE,FALSE,TRUE,FALSE,TRUE,FALSE,TRUE,FALSE,FALSE,FALSE,TRUE,FALSE,FALSE,FALSE,TRUE,FALSE,TRUE,TRUE,FALSE,TRUE,TRUE,TRUE,FALSE,TRUE,"The smart contract has hidden ownership and can self-destruct, which poses significant risks. Additionally, the contract allows the owner to change the balance and has modifiable slippage, increasing the risk of exploitation and centralized control. These factors indicate potential malicious intent or poor security practices."
Data Analytics,0x0316EB71485b0Ab14103307bf65a021042c6d380,https://wp.hacken.io/wp-content/uploads/2022/04/Huobi_BTC_TokenSCAudit_Report.pdf,https://hacken.io/research/,Ethereum,FALSE,FALSE,FALSE,FALSE,FALSE,FALSE,FALSE,FALSE,FALSE,FALSE,FALSE,FALSE,FALSE,FALSE,FALSE,FALSE,FALSE,FALSE,FALSE,FALSE,FALSE,FALSE,FALSE,FALSE,FALSE,FALSE,FALSE,FALSE,FALSE,FALSE,FALSE,FALSE,none were found
Data Analytics,41fa52c9c50b0029cd8329f04409b05d31eb063b,https://chainsecurity.com/security-audit/gearbox-auction/,https://chainsecurity.com/,Ethereum,FALSE,FALSE,FALSE,FALSE,FALSE,FALSE,FALSE,FALSE,FALSE,FALSE,FALSE,FALSE,FALSE,FALSE,FALSE,FALSE,FALSE,FALSE,FALSE,FALSE,FALSE,FALSE,TRUE,FALSE,TRUE,FALSE,TRUE,FALSE,FALSE,FALSE,FALSE,FALSE,"True - The initial flaws such as incorrect stage advancements, inefficient gas usage, and improper handling of ETH transfers indicate issues in contract design that could lead to unexpected behaviors or inefficiencies. Gas Optimization: Multiple points of redundancy in storage access and unnecessary steps in token transfers and stage settings were identified and corrected, reflecting initial inefficiencies in gas usage."
Data Analytics,5e1222e8c31731cf230c2e3b709683b10a5c1b0e,https://blog.openzeppelin.com/morpheus-mor-oft-token-audit,https://blog.openzeppelin.com/,Ethereum,FALSE,FALSE,FALSE,FALSE,FALSE,FALSE,FALSE,FALSE,FALSE,FALSE,FALSE,FALSE,FALSE,FALSE,FALSE,FALSE,FALSE,FALSE,FALSE,FALSE,FALSE,FALSE,FALSE,FALSE,FALSE,FALSE,FALSE,FALSE,FALSE,FALSE,FALSE,FALSE,"Based off of the summary of the research I read, I could not find any of the vulnerability warnings flagged in the report that connected or corresponded to the identified risk tags listed above."
Data Analytics,be87d8a5c0dbc03fa801e69b0b3a87bb863cb43c,https://chainsecurity.com/security-audit/xena-smart-contracts/,https://chainsecurity.com,Ethereum,FALSE,FALSE,FALSE,FALSE,FALSE,FALSE,FALSE,FALSE,FALSE,FALSE,FALSE,FALSE,FALSE,FALSE,FALSE,FALSE,FALSE,TRUE,TRUE,FALSE,FALSE,FALSE,FALSE,FALSE,FALSE,FALSE,TRUE,FALSE,TRUE,FALSE,FALSE,FALSE,"Exploitation Opportunities : Issues like Free Leverage Within Accrual Interval and Incorrect Fee Calculation When Oracles Disagree can be exploited to manipulate financial mechanisms, allowing users to gain undue advantage through leveraged positions or erroneous fee calculations. Bad Contract: The presence of issues such as hardcoded stablecoin prices, unfair liquidity provider (LP) fee distribution, and lack of slippage protection suggest poor contract design or implementation, compromising its trustworthiness and integrity. Missing Reentrancy Protection: Partially addressed reentrancy protection reveals a vulnerability to reentrancy attacks, potentially enabling multiple unauthorized actions in a single transaction that could drain funds. External Dependencies: Reliance on external oracles for fee calculations introduces risks, as discrepancies among oracle feeds can lead to incorrect fee charges, exposing the contract to manipulation or oracle failures."
Data Analytics,70678cbb87592e8ac7875511712e4f75a81bda 42,https://chainsecurity.com/,https://chainsecurity.com/security-audit/sulu-extensions-xiv/,Ethereum,FALSE,FALSE,FALSE,FALSE,FALSE,FALSE,FALSE,FALSE,FALSE,FALSE,FALSE,FALSE,FALSE,FALSE,FALSE,FALSE,FALSE,FALSE,TRUE,FALSE,FALSE,FALSE,FALSE,FALSE,FALSE,FALSE,FALSE,FALSE,FALSE,TRUE,FALSE,FALSE,Incorrect Calculation: This issue directly involves an incorrect calculation of loan values due to the omission of a crucial multiplication factor (redepptionValue()). This error in financial computation leads to the valuation inaccuracies. The incorrect valuation mechanism allows for potential exploitation where entities might manipulate or take advantage of the valuation discrepancies before the loan matures. This could lead to economic gains derived from inappropriately valued loans.
Data Analytics,6f3b31562b9d4c43cef91af0a011986a2580fba2,https://blog.openzeppelin.com/audius-contracts-audit,https://blog.openzeppelin.com,Ethereum,FALSE,FALSE,FALSE,FALSE,FALSE,FALSE,FALSE,FALSE,FALSE,FALSE,FALSE,FALSE,FALSE,FALSE,FALSE,FALSE,FALSE,TRUE,FALSE,FALSE,FALSE,FALSE,FALSE,FALSE,FALSE,FALSE,FALSE,FALSE,FALSE,FALSE,FALSE,FALSE,"Exploitation- A vulnerability in the DelegateManager.sol allows a malicious actor to exploit the requestUndelegateStake and cancelUndelegateStake functions to indefinitely increase the totalLockedUpStake without a corresponding decrease. This exploitation locks up the funds and rewards of service providers and their delegators, preventing them from accessing their resources."
Data Analytics,be93ca797a9096fb3f157fbcefe3dee05214e66c,https://chainsecurity.com/security-audit/stokr/,https://chainsecurity.com/smart-contract-audit-reports/,Ethereum,FALSE,FALSE,FALSE,FALSE,FALSE,FALSE,FALSE,FALSE,FALSE,FALSE,FALSE,FALSE,FALSE,FALSE,FALSE,FALSE,FALSE,TRUE,TRUE,FALSE,FALSE,FALSE,TRUE,FALSE,FALSE,FALSE,TRUE,FALSE,TRUE,FALSE,FALSE,FALSE,"Reentrancy Without ETH Transfer: Vulnerabilities in the distributeRefunds() method, where external calls could block loop execution, showcase reentrancy risks even in the absence of direct ETH transfers. External Dependencies: Dependency on external factors like the token approve function and susceptibility to front-running reveal risks from external actors. Centralized Risk Medium: Certain functions only accessible by rateAdmin demonstrate a moderate level of centralized control, which could be misused. Bad Contract: Multiple design flaws including outdated compilers and failing silent checks indicate poor practices that undermine the contract's security. Exploitation: Various vulnerabilities, including those related to outdated compilers and front-running, could be exploited to manipulate contract outcomes."
Data Analytics,54bcb58cd5c840f58f9b7f206c93e9db0b826ffd,https://chainsecurity.com/,https://chainsecurity.com/security-audit/starknetid-auto-renew/,Ethereum,FALSE,FALSE,FALSE,FALSE,FALSE,FALSE,FALSE,FALSE,FALSE,FALSE,FALSE,FALSE,FALSE,FALSE,FALSE,FALSE,FALSE,TRUE,TRUE,FALSE,FALSE,FALSE,FALSE,FALSE,FALSE,TRUE,FALSE,FALSE,FALSE,FALSE,FALSE,FALSE,"Exploitation - Given the potential for abuse in scenarios like no ownership checks for domain renewals, inconsistent sanity checks, and misleading events. Bad Contract - Due to issues such as incorrect comments, admin functions not emitting events, unused imports, and the initial lack of critical sanity checks. Event Setter - Corrections were made so that admin functions now emit events, reflecting changes in state."
Data Analytics,9b76b17b14419f5d2d50238beb7f26c60f573e5a,http://wp.hacken.io/wp-content/uploads/2024/05/Final-Report_Hacken_0x0_SCA.pdf,https://hacken.io/,Ethereum,FALSE,FALSE,FALSE,FALSE,FALSE,FALSE,FALSE,FALSE,FALSE,FALSE,FALSE,FALSE,FALSE,FALSE,FALSE,FALSE,FALSE,FALSE,FALSE,FALSE,FALSE,FALSE,FALSE,FALSE,FALSE,FALSE,FALSE,FALSE,FALSE,FALSE,FALSE,FALSE,
Data Analytics,f79ea5fc82b8ae5e0fa488c5aae023e893edf7f0,https://chainsecurity.com/security-audit/mellow-protocol/,https://chainsecurity.com,Ethereum,FALSE,FALSE,FALSE,FALSE,FALSE,FALSE,FALSE,FALSE,FALSE,FALSE,FALSE,FALSE,FALSE,FALSE,FALSE,FALSE,FALSE,TRUE,FALSE,FALSE,FALSE,FALSE,FALSE,FALSE,FALSE,FALSE,TRUE,FALSE,FALSE,FALSE,FALSE,FALSE,"Exploitation True - The audit identified several critical and high-severity vulnerabilities in the smart contract which, if uncorrected, could potentially be exploited. These vulnerabilities included issues like incorrect oracle price returns, unhandled staking slashing, and incorrect LP token calculations, indicating that the contract could be manipulated or could behave unpredictably under certain conditions. External_dependencies- The audit report highlighted issues related to external dependencies, particularly around the use of oracles. Problems such as oracles returning incorrect or empty prices were significant as they directly impacted the contract's ability to function correctly and reliably. These dependencies on external data sources make the contract vulnerable to issues outside its immediate control, such as external oracle failures or manipulations."
Data Analytics,f779be3f7c16290b16429c271b295e53da3ce847,https://github.com/QANplatform/qanx-token/blob/main/audit/Hacken-QANplatform-20022023.pdf,https://hacken.io/,Ethereum,FALSE,FALSE,FALSE,FALSE,FALSE,FALSE,FALSE,FALSE,FALSE,FALSE,FALSE,FALSE,FALSE,FALSE,FALSE,FALSE,FALSE,FALSE,FALSE,FALSE,FALSE,FALSE,FALSE,FALSE,FALSE,FALSE,FALSE,FALSE,FALSE,FALSE,FALSE,FALSE,
Data Analytics,3da461f,http://wp.hacken.io/wp-content/uploads/2024/03/Hacken_Zero1-Labs_SCA-Zero1-Labs_Token_Mar2024_P-2024-256_1_20240321-17_34.pdf,https://hacken.io/,Ethereum,FALSE,FALSE,FALSE,FALSE,FALSE,FALSE,FALSE,FALSE,FALSE,FALSE,FALSE,FALSE,FALSE,FALSE,FALSE,FALSE,FALSE,FALSE,FALSE,FALSE,FALSE,FALSE,FALSE,FALSE,FALSE,FALSE,FALSE,FALSE,FALSE,FALSE,FALSE,FALSE,
Data Analytics,61b77c4,http://wp.hacken.io/wp-content/uploads/2024/02/Hacken_BlockSquare_SCA-Blocksquare_Distribution_Jan2024_P-2024-143_1_20240220-18_32.pdf,https://hacken.io/,Ethereum,FALSE,FALSE,FALSE,FALSE,FALSE,FALSE,FALSE,FALSE,FALSE,FALSE,FALSE,FALSE,FALSE,FALSE,FALSE,FALSE,FALSE,FALSE,FALSE,FALSE,FALSE,FALSE,FALSE,FALSE,FALSE,FALSE,FALSE,FALSE,FALSE,FALSE,FALSE,FALSE,
Data Analytics,6a152226acb68a420af5db02feffee2fc2162fff,https://chainsecurity.com/security-audit/enzyme-31third-adapter/,https://chainsecurity.com/,Ethereum,FALSE,FALSE,FALSE,FALSE,FALSE,FALSE,FALSE,FALSE,FALSE,FALSE,FALSE,FALSE,FALSE,FALSE,FALSE,FALSE,FALSE,FALSE,FALSE,FALSE,FALSE,FALSE,FALSE,FALSE,FALSE,FALSE,FALSE,FALSE,FALSE,FALSE,FALSE,FALSE,None true
Data Analytics,0x3387e17EFF02314BCD83CDD49f7DEa2aA2Aef38B,https://polygonscan.com/address/0x3387e17eff02314bcd83cdd49f7dea2aa2aef38b,https://polygonscan.com,Polygon,FALSE,FALSE,FALSE,TRUE,FALSE,FALSE,TRUE,TRUE,FALSE,FALSE,FALSE,TRUE,FALSE,TRUE,FALSE,TRUE,TRUE,TRUE,FALSE,FALSE,FALSE,FALSE,TRUE,TRUE,FALSE,FALSE,TRUE,FALSE,FALSE,FALSE,FALSE,FALSE,"The contract appears to have elements of anti-whale mechanisms (Is_anti_whale) as it likely imposes restrictions or taxes on large transactions. Taxation mechanisms for sell transactions (sell_tax) and potentially slippage modifiability (slippage_modifiable) could be present, indicating potential risks for users in terms of transaction costs and execution."
Data Analytics,0xfEf980F130B9B8f3c1A1A71627af8E08F9431338,https://dpex.medium.com/,https://polygonscan.com/address/0xfef980f130b9b8f3c1a1a71627af8e08f9431338#code,Polygon,TRUE,FALSE,FALSE,TRUE,FALSE,FALSE,FALSE,TRUE,FALSE,FALSE,FALSE,FALSE,FALSE,FALSE,FALSE,FALSE,TRUE,FALSE,FALSE,FALSE,FALSE,FALSE,FALSE,FALSE,FALSE,TRUE,FALSE,FALSE,FALSE,FALSE,FALSE,FALSE,"Specifically, event_setter suggests that there are functions allowing external contracts to trigger events, which could lead to unexpected behavior or exploitation if not properly controlled. external_dependencies indicates that the contract relies on external dependencies, which introduces additional risk due to potential changes or vulnerabilities in those dependencies"
Data Analytics,erd1qqqqqqqqqqqqqpgq8urd3mza45z6th63h52e00zpgvrc5zxll9cshfqmhg,https://hacken.io/industry-news-and-insights/maiar-dex-went-offline-smart-contracts-bug-as-a-possible-reason/,https://hacken.io/research/,Ethereum,TRUE,TRUE,FALSE,FALSE,FALSE,FALSE,FALSE,FALSE,FALSE,FALSE,FALSE,FALSE,FALSE,FALSE,FALSE,FALSE,FALSE,TRUE,FALSE,FALSE,FALSE,FALSE,FALSE,FALSE,FALSE,FALSE,TRUE,FALSE,FALSE,FALSE,FALSE,FALSE,"closed_source: couldn't find the source for the contract hidden_owner: The true owner of the smart contract was not publicly known, allowing manipulation without accountability. exploitation: Vulnerabilities in the smart contract were exploited to steal funds. external_dependencies: The smart contract relied on external VM functionality that was exploited."
Data Analytics,c4e068b568ff662f49ed191c5c3188ea7b6138b2,https://blog.trailofbits.com/2019/08/08/246-findings-from-our-smart-contract-audits-an-executive-summary/,https://blog.trailofbits.com/,Ethereum,FALSE,FALSE,FALSE,FALSE,FALSE,FALSE,FALSE,FALSE,FALSE,FALSE,FALSE,FALSE,FALSE,FALSE,FALSE,FALSE,FALSE,TRUE,FALSE,FALSE,FALSE,FALSE,FALSE,FALSE,FALSE,FALSE,FALSE,FALSE,TRUE,FALSE,FALSE,TRUE,"Exploitation: Tokens deposited when the challenge is ongoing would allow usersâ€™ who previously deposited tokens that are now locked in the challenge to withdraw their tokens from the new depositorâ€™s tokens. Events maths: The mini stake amounts set during initialization are not validated to decrease for each level (from block to single-step execution) despite that expectation being stated in the Arbitrum Improvement Proposal related to BOLD. Reentrancy without eth transfer: The upgradeSurroundingContracts function updates several contracts. However, when fetching the current implementation of the getProxyImplementation function, it uses the wrong proxy admin contracts for the sequencer inbox and outbox contractsâ€” PROXY_ADMIN_BRIDGE and PROXY_ADMIN_REI, respectively."
Data Analytics,0x111111125434b319222CdBf8C261674aDB56F3ae,https://hacken.io/audits/,https://hacken.io/research/,Ethereum,TRUE,FALSE,FALSE,FALSE,FALSE,FALSE,FALSE,FALSE,FALSE,FALSE,FALSE,FALSE,FALSE,FALSE,FALSE,FALSE,FALSE,FALSE,FALSE,FALSE,FALSE,FALSE,FALSE,FALSE,FALSE,FALSE,FALSE,FALSE,FALSE,FALSE,FALSE,FALSE,"Github repo not available, 404 error"
Data Analytics,0x477bC8d23c634C154061869478bce96BE6045D12,https://hacken.io/audits/,https://hacken.io/research/,Ethereum,FALSE,FALSE,FALSE,FALSE,FALSE,FALSE,FALSE,FALSE,FALSE,FALSE,FALSE,FALSE,FALSE,FALSE,FALSE,FALSE,FALSE,FALSE,FALSE,FALSE,FALSE,FALSE,FALSE,FALSE,FALSE,FALSE,FALSE,FALSE,FALSE,FALSE,FALSE,FALSE,"Contract seems to be good, no risk tags marked true"
Data Analytics,7f394e087828001b0c5b5e1022701b05c0150488,https://hacken.io/audits/page/2/,https://hacken.io/research/,Ethereum,FALSE,FALSE,FALSE,FALSE,FALSE,FALSE,FALSE,FALSE,FALSE,FALSE,FALSE,FALSE,FALSE,FALSE,FALSE,FALSE,FALSE,TRUE,FALSE,FALSE,FALSE,FALSE,FALSE,FALSE,FALSE,FALSE,TRUE,FALSE,FALSE,FALSE,FALSE,FALSE,Unverifiable Logic (High)- this might affect external_dependencies if the logic relies on external systems that are not verified within the scope of the audit. Exploitation: Incorrect Mathematical Operation (Critical) - could relate to issues like exploitation if it affects token valuations or transactions in a way that could be manipulated by users. Outdated Compiler Version (Lowest) - could be considered under exploitation due to the potential for known vulnerabilities in the compiler version to be exploited.
Data Analytics,3CC599068BE591F0B2D0A1D125A4F8DE9562DE80,https://wp.hacken.io/wp-content/uploads/2022/01/%D0%A1onstitution-DAO_11012022Audit_Report.pdf,https://hacken.io/audits/constitution-dao/,Ethereum,FALSE,FALSE,FALSE,FALSE,FALSE,FALSE,FALSE,FALSE,FALSE,TRUE,FALSE,FALSE,FALSE,FALSE,FALSE,FALSE,FALSE,FALSE,FALSE,FALSE,FALSE,FALSE,FALSE,TRUE,TRUE,FALSE,FALSE,FALSE,FALSE,FALSE,FALSE,FALSE,"Risk tags associated are can_take_back_ownership, centralized_risk_low and centralized_risk_high. The project owners (or anyone who owns or has access to multisig addresses) are able to create their implementation of ITerminalV1 with any kind of log and it provides a potential ability for illegal actions but the owner of contract mitigated this vulnerability by renouncing the ownership. Also there are redundancies in the code such as redundant integer overflow checks and redundant variable initialization with default values that contributes inefficient gas consumption."
Data Analytics,0x74299A718b2c44483a27325d7725F0B2646DE3B1,https://hacken.io/audits/page/2/,https://hacken.io/research/,Ethereum,FALSE,FALSE,FALSE,FALSE,FALSE,FALSE,FALSE,FALSE,FALSE,FALSE,FALSE,FALSE,FALSE,FALSE,FALSE,FALSE,FALSE,FALSE,FALSE,FALSE,FALSE,FALSE,FALSE,FALSE,FALSE,FALSE,FALSE,FALSE,FALSE,FALSE,FALSE,FALSE,There were no unfixed vulnerabilities found in the report. All identified issues were either fixed or of informational severity and did not pose significant risks to the smart contract.
Data Analytics,0x7d5121505149065b562C789A0145eD750e6E8cdD,https://hacken.io/audits/page/2/,https://hacken.io/research/,Ethereum,FALSE,FALSE,FALSE,FALSE,FALSE,FALSE,FALSE,FALSE,FALSE,FALSE,FALSE,FALSE,FALSE,FALSE,FALSE,FALSE,FALSE,FALSE,FALSE,FALSE,FALSE,FALSE,FALSE,FALSE,FALSE,FALSE,FALSE,FALSE,FALSE,FALSE,FALSE,FALSE,"There were no unfixed vulnerabilities found in the report. The only identified issue was of informational severity related to code readability, which does not pose a significant risk to the smart contract"
Data Analytics,ce87cffbf813e27cc83157933760b51fa44a1885,https://blog.openzeppelin.com/forta-staking-vault-audit,https://blog.openzeppelin.com/,Ethereum,FALSE,FALSE,FALSE,FALSE,FALSE,FALSE,FALSE,FALSE,FALSE,FALSE,FALSE,FALSE,FALSE,FALSE,FALSE,FALSE,FALSE,FALSE,TRUE,FALSE,FALSE,FALSE,FALSE,FALSE,FALSE,FALSE,FALSE,FALSE,FALSE,FALSE,FALSE,FALSE,"These risk tags reflect the various vulnerabilities, issues, and areas of improvement identified in the system overview provided"
Data Analytics,0x8A27Fa791316A17C5b39FE6a319f6D72ce50241F,https://wp.hacken.io/wp-content/uploads/2022/03/HACKEN_SyntropyNetworkLimitedCompany_03022022SCAudit_Report.pdf,https://wp.hacken.io,Ethereum,FALSE,FALSE,FALSE,FALSE,FALSE,FALSE,FALSE,FALSE,FALSE,FALSE,FALSE,FALSE,FALSE,FALSE,TRUE,FALSE,FALSE,FALSE,FALSE,FALSE,FALSE,FALSE,FALSE,FALSE,FALSE,FALSE,FALSE,FALSE,FALSE,FALSE,FALSE,FALSE,"Since the issue revolves around the whitelisting mechanism being enforced in the UI rather than in the smart contract itself, it relates to the concept of whitelisting."
Data Analytics,b1fbfddb0421673333c7c12a20db36b5017ae4b1,https://wp.hacken.io/wp-content/uploads/2022/06/KaglaFi-Ltd-31022022_SCAudit_Report.pdf,https://hacken.io/audits/kaglafi-ltd/,Ethereum,FALSE,FALSE,FALSE,FALSE,FALSE,FALSE,FALSE,FALSE,FALSE,TRUE,TRUE,FALSE,FALSE,FALSE,FALSE,FALSE,FALSE,FALSE,FALSE,FALSE,FALSE,FALSE,FALSE,FALSE,FALSE,FALSE,FALSE,FALSE,FALSE,FALSE,FALSE,FALSE,"Risk tags found are can_take_back_ownership and owner_change_balance. The owner of the StableSwapBUSD, which is kagla stablecoin AMM contract, can withdraw or donate the admin fee, transfer ownership, stop and unstop the contract, change fees, and change rampA parameters."
Data Analytics,dddd06719bda2eee3f47d44cf182039f002c12f8,https://chainsecurity.com/security-audit/gearbox-v3-integrations/,https://chainsecurity.com/blog/,Ethereum,FALSE,FALSE,FALSE,FALSE,FALSE,FALSE,FALSE,FALSE,FALSE,FALSE,FALSE,FALSE,FALSE,FALSE,FALSE,FALSE,FALSE,TRUE,FALSE,FALSE,FALSE,FALSE,FALSE,TRUE,FALSE,FALSE,TRUE,FALSE,TRUE,FALSE,FALSE,FALSE,"Exploitation was marked true because there was an issue identified where users could run front or back-run approvals, allowing for unauthorized redemption on assets. Centralized_risk_high was flagged as a risk due to the central points of failure or critical vulnerabilities that were present. External_dependencies was flagged as a risk due to Gearbox heavily relying on external protocols and adapters. Reentrancy_without_eth_transfer was flagged as a risk due to the potential reentrancy attacks especially around asset movements and adapter configurations."
Data Analytics,4605fe28ebdda9833dff200b0700e00393c16532,https://chainsecurity.com/security-audit/sturdy-aggregator-smart-contracts/,https://chainsecurity.com/blog/,Ethereum,FALSE,FALSE,FALSE,FALSE,FALSE,FALSE,FALSE,FALSE,FALSE,FALSE,FALSE,FALSE,FALSE,FALSE,FALSE,FALSE,FALSE,FALSE,FALSE,FALSE,FALSE,FALSE,TRUE,FALSE,FALSE,FALSE,TRUE,TRUE,FALSE,FALSE,FALSE,FALSE,"Centralize_risk_medium was flagged because the audit mentioned issues related to asset solvency and b eing unable to recover from bridge failures, which indicates a moderate risk level concerning centralized control. External_dependencies was flagged true because of the dependencies to external systems/bridges that may fail. Immutable_states was flagged true because the contracts are noted as not upgradeable, meaning it will be immutable once deployed."
Data Analytics,a01eacf029c5b66a177cafe33bcea2df4167ca8a,https://wp.hacken.io/wp-content/uploads/2022/04/SDAO-Airdrop_14012022SCAudit_Report_3.pdf,https://hacken.io/research/,Ethereum,TRUE,TRUE,FALSE,FALSE,FALSE,FALSE,FALSE,FALSE,FALSE,FALSE,FALSE,FALSE,FALSE,FALSE,FALSE,FALSE,FALSE,FALSE,FALSE,FALSE,FALSE,FALSE,FALSE,FALSE,FALSE,FALSE,FALSE,FALSE,FALSE,FALSE,FALSE,FALSE,"The smart contract contains certain vulnerabilities including being closed from the public as the GitHub repository is currently not visible. This makes it hard to track the owner and the commit history of the contract. While there were two low-priority risks and one medium-priority risk as per the audits, these have been addressed and fixed."
Data Analytics,759bf927a581dda251ed19773b9ce2401baf6d64,chrome-extension://efaidnbmnnnibpcajpcglclefindmkaj/https://wp.hacken.io/wp-content/uploads/2021/10/Unore-_16092021_SCAudit_Report-v2.pdf,https://hacken.io/audits/unore/,Ethereum,TRUE,FALSE,FALSE,FALSE,FALSE,FALSE,FALSE,FALSE,FALSE,TRUE,FALSE,FALSE,FALSE,FALSE,FALSE,FALSE,FALSE,FALSE,FALSE,FALSE,FALSE,FALSE,TRUE,TRUE,TRUE,FALSE,FALSE,FALSE,FALSE,FALSE,FALSE,FALSE,The contract owner can withdraw all funds from premium pools. The function can be called before `cohortActiveFrom` time and premium rewards will be locked on the low level. New `Cohort` is supposed to be created via the `Actuary` contract but the `newCohort` function of the `CohortFactory` is not restricted from external access. Comparison with `true` is redundant. The `isCohortCreator` function already returns a boolean value. And the requirement will pass if the function returns `true`.
Data Analytics,f756f44a8d6a328cd545335e46e7128939db88c4,https://consensys.io/diligence/audits/2020/09/aave-protocol-v2/,https://consensys.io/diligence/audits/,Ethereum,FALSE,FALSE,FALSE,FALSE,FALSE,FALSE,FALSE,FALSE,FALSE,FALSE,FALSE,FALSE,FALSE,TRUE,FALSE,FALSE,FALSE,TRUE,FALSE,FALSE,FALSE,FALSE,FALSE,FALSE,FALSE,FALSE,TRUE,FALSE,TRUE,FALSE,FALSE,FALSE,Trust list risk present because there is a reliance on oracle to determine price of the assets Exploitation risk possible due to reentrancy threat possible in contract External dependencies risk present due to reliance on oracle to determine price of the assets Reentrancy threat present by using certain function to borrow ERC-777 before a transfer is complete
Data Analytics,616906ABEED505F8D29186E147EB6736A914F49A,https://wp.hacken.io/wp-content/uploads/2021/04/04042021_Kyber_SC_Audit_Report.pdf,https://hacken.io/,Ethereum,FALSE,FALSE,FALSE,FALSE,FALSE,FALSE,FALSE,FALSE,FALSE,FALSE,FALSE,FALSE,FALSE,FALSE,FALSE,FALSE,FALSE,TRUE,TRUE,FALSE,FALSE,FALSE,FALSE,FALSE,FALSE,FALSE,TRUE,FALSE,FALSE,TRUE,FALSE,FALSE,"The identified errors in the audit report highlight several key risks in the smart contracts. The potential for admin control to be changed via voting exposes the contracts to the hidden owner risk, where control can be transferred without accountability. High cohesion and frequent external calls between contracts introduce external dependencies, increasing the complexity and risk of failure if interconnected contracts are compromised. The lack of validation for critical constants indicates bad contract design, which can lead to invalid configurations and vulnerabilities. Using different interfaces interchangeably without clear separation poses an incorrect inheritance order risk, leading to unexpected behavior. Additionally, the possibility of function failures due to block gas limits in the presence of numerous epoch proposals suggests an exploitation risk, where attackers could disrupt operations by manipulating proposal counts. These risks necessitate careful consideration and mitigation to ensure the robustness and security of the smart contracts."
Data Analytics,741e920cb0ce9acb1d1aa4f1e2b6529ae274a4dd,https://consensys.io/diligence/audits/2023/05/tidal/,https://consensys.io/diligence/audits/,Ethereum,FALSE,FALSE,FALSE,FALSE,TRUE,FALSE,FALSE,FALSE,FALSE,FALSE,TRUE,FALSE,FALSE,TRUE,FALSE,FALSE,FALSE,TRUE,FALSE,FALSE,FALSE,FALSE,FALSE,FALSE,FALSE,FALSE,TRUE,FALSE,TRUE,TRUE,FALSE,FALSE,"Honeypot marked true because there is a mechanism that can cause funds to be locked into contract when trying to buy additional insurance coverage. The original coverage would be lost. Owner change balance true because there is an arithmetic flaw that allows for the arbitrary addition of currency to be improperly distributed Trust list & External dependencies marked true because there are potential vulnerabilities with the code relying on external contracts Reentrancy concern due to code only having no reentrancy function in some areas, not all Incorrect inheritance order due to potential risk in relying on external contracts to function"
Data Analytics,e7b7e379ba20c0e4ce0a3ce90db6ef46a0e56f89,https://chainsecurity.com/wp-content/uploads/2023/11/ChainSecurity_Frankencoin_Frankencoin_audit.pdf,https://chainsecurity.com/smart-contract-audit-reports/,Ethereum,FALSE,FALSE,FALSE,FALSE,FALSE,FALSE,FALSE,FALSE,FALSE,FALSE,TRUE,FALSE,FALSE,FALSE,FALSE,FALSE,FALSE,FALSE,FALSE,FALSE,FALSE,FALSE,FALSE,FALSE,FALSE,TRUE,FALSE,TRUE,FALSE,FALSE,FALSE,FALSE,"Change balance risk present due to contract mechanism that can allow for a caller to wipe equity shares of any address without paying for the losses Event setter risk present due to contract mechanism that can allow for a caller to wipe equity shares without paying for the losses, as long as they have 3% of the voting power Immutable states risk present due to contract structure lacking a functionality to recover from bridge failure"
Data Analytics,f6de24d50c54471f85985e2303a04bb92c27ac71,https://consensys.io/diligence/audits/2020/06/codefi-erc1400-assessment/,https://consensys.io/,Ethereum,FALSE,FALSE,FALSE,FALSE,FALSE,FALSE,FALSE,FALSE,FALSE,FALSE,FALSE,FALSE,FALSE,TRUE,FALSE,FALSE,FALSE,FALSE,FALSE,FALSE,FALSE,FALSE,TRUE,TRUE,FALSE,FALSE,FALSE,FALSE,FALSE,FALSE,FALSE,FALSE,trust_list: The token owners can approve other addresses to spend tokens on their behalf or redeem them (these are operators and are assumed to act in good faith) centralized_risk_high: The owner can transfer or renounce ownership. This is risky if transferred to an incorrect person or party.
Data Analytics,09b9339ad898957a79724b0c9871c411021bdc5e,https://hacken.io/audits/grizzly.fi,chrome-extension://efaidnbmnnnibpcajpcglclefindmkaj/https://wp.hacken.io/wp-content/uploads/2022/03/Grizzly_09032022-_SCAudit_Report_3.pdf,Ethereum,FALSE,FALSE,FALSE,FALSE,FALSE,FALSE,FALSE,FALSE,FALSE,FALSE,FALSE,FALSE,FALSE,FALSE,FALSE,TRUE,FALSE,FALSE,FALSE,FALSE,FALSE,FALSE,TRUE,FALSE,TRUE,FALSE,FALSE,FALSE,TRUE,FALSE,FALSE,FALSE,"This rate can be manipulated with the flash loan before deposit, withdrawal, or change strategy transactions, and more rewards will be minted for all pool participants. LPs are exchanged for underlying assets by removing liquidity from the PancakeSwap pool. The contract is designed to work with an LP token that represents the pair ETH-StakedToken (Honey). Token transfer results are not validated all over the code."
Data Analytics,0x25ace71c97B33Cc4729CF772ae268934F7ab5fA1,https://docs.optimism.io/stack/protocol/rollup/smart-contracts,https://etherscan.io/address/0x25ace71c97B33Cc4729CF772ae268934F7ab5fA1,Optimism,FALSE,TRUE,TRUE,FALSE,FALSE,FALSE,FALSE,FALSE,FALSE,FALSE,FALSE,FALSE,FALSE,FALSE,FALSE,FALSE,FALSE,FALSE,FALSE,TRUE,FALSE,FALSE,FALSE,FALSE,FALSE,TRUE,FALSE,FALSE,FALSE,FALSE,FALSE,FALSE,"anti_whale_modifiable: The contract includes a delay mechanism that allows for calls to be vetoed by an authorized party. This feature could potentially be used to modify anti-whale parameters or settings, introducing governance risks and enabling manipulation of tokenomics to benefit specific parties."
Data Analytics,094856fd48bb4627842c72e914df09fe9689ad81,https://www.halborn.com/audits,https://www.halborn.com/audits/chiliz,Ethereum,FALSE,FALSE,FALSE,FALSE,FALSE,FALSE,FALSE,TRUE,FALSE,FALSE,FALSE,FALSE,FALSE,FALSE,TRUE,FALSE,FALSE,TRUE,FALSE,FALSE,FALSE,FALSE,FALSE,FALSE,FALSE,FALSE,TRUE,FALSE,FALSE,FALSE,FALSE,TRUE,"Most of the risk tags are marked with identifying vulnerabilities in smart contracts in which funds are stolen which disrupt the operations and allow the attackers to drain funds from this contract. In addition, it also goes into token being stuck in the same chain ID being used in the bridge which poses a significant risk to the functionality and usability of the system, being categorized as a risk high due to the disruption of processes once again. It involves reliance on external contacts for accepting payments which introduces risks if the external element(bridge contract) fails or is compromised. Allows the owner to adjust the slippage, which can lead to unfavorable trading conditions."
Data Analytics,bde7ee900aba18aecd0e8e0c0497121540dd5abb.,https://www.halborn.com/audits,https://www.halborn.com/audits/persistence,Ethereum,TRUE,TRUE,FALSE,FALSE,FALSE,FALSE,FALSE,FALSE,FALSE,TRUE,FALSE,FALSE,TRUE,FALSE,FALSE,FALSE,FALSE,TRUE,FALSE,FALSE,FALSE,FALSE,FALSE,FALSE,FALSE,FALSE,FALSE,FALSE,FALSE,FALSE,FALSE,FALSE,"When using self-destruct in a smart contract it can lead to funds loss and highlights vulnerabilities associated with features that allow the destruction of the contract, potentially resulting in loss of funds or other assets stored within the contract. The improper check identified may allow malicious actors to exploit the smart contract and improperly claim funds or manipulate the contract's operations. It also allows previous owners or creators to regain control, and in this instance it leads scenarios where ownership control is not adequately transferred or can be easily reclaimed by unauthorized parties."
Data Analytics,136369e88c04d21a25fecbcf8a4f25d6363ee035,https://www.halborn.com/audits,https://www.halborn.com/audits/substance-exchange,Ethereum,FALSE,FALSE,FALSE,FALSE,FALSE,FALSE,FALSE,FALSE,FALSE,FALSE,FALSE,FALSE,FALSE,FALSE,FALSE,FALSE,FALSE,TRUE,FALSE,FALSE,FALSE,FALSE,TRUE,TRUE,FALSE,FALSE,TRUE,FALSE,FALSE,FALSE,FALSE,FALSE,"The risk where the smart contract relies on external service and in this case its oracle, in order to provide accurate and up-to-date data. If the external service fails and provides incorrect data then it becomes compromised which can introduce vulnerabilities/inaccuracies into the smart contract. With the chainlink arbitrum sequence being compromised, it could potentially affect the smart contract's operation, indicating a moderate level of centralized risk. Using transfer instead of safeTransfer in smart contracts introduces the risk of potential vulnerabilities related to the handling of token transfers. The risk described, where a product manager can withdraw arbitrary amounts from liquidity pools, is matched to the risk tag Centralized risk high. This tag signifies a high level of centralized control or influence by a single entity or a small group, which poses significant risks, especially if misused."
Data Analytics,bedce1344e9684254e6f17fd85b10f3b795ca6aa,chrome-extension://efaidnbmnnnibpcajpcglclefindmkaj/https://wp.hacken.io/wp-content/uploads/2021/09/Vent_06092021SCAudit_Report.pdf,https://hacken.io/audits/vent/,Ethereum,FALSE,FALSE,FALSE,FALSE,FALSE,FALSE,FALSE,FALSE,FALSE,FALSE,FALSE,FALSE,FALSE,FALSE,FALSE,FALSE,FALSE,FALSE,FALSE,FALSE,FALSE,FALSE,FALSE,FALSE,FALSE,FALSE,FALSE,FALSE,FALSE,FALSE,FALSE,FALSE,Stated that their were no visible risks
Data Analytics,c30606b44f1d1cabba303dfd13046e5444cab775,https://chainsecurity.com/wp-content/uploads/2024/05/ChainSecurity_Euler_Ethereum_Vault_Connector_audit.pdf,https://chainsecurity.com/,Ethereum,FALSE,TRUE,FALSE,FALSE,FALSE,FALSE,FALSE,FALSE,FALSE,FALSE,TRUE,FALSE,FALSE,FALSE,FALSE,FALSE,FALSE,FALSE,FALSE,FALSE,FALSE,FALSE,FALSE,FALSE,FALSE,FALSE,TRUE,FALSE,FALSE,FALSE,FALSE,FALSE,"While there are no critical or high/medium level risks associated with this smart contract, a risk that is still present is that calls and batch items in the EthereumVaultConnector can transfer the whole balance of the EVC by setting the value to type(uint256).max. Additionally, another risk that is present is that simulations of the smart contract which are dependent on external systems could be manipulated using malicious systems which can affect the reliability of the tests conducted on the smart contract. This risk due to external dependencies has been determined as low and the risk has been accepted as these don't affect the EVC."
Data Analytics,Main/72,https://www.halborn.com/audits/pink-elements/pink_elements-backend_assessment,https://www.halborn.com/audits,Ethereum,FALSE,TRUE,FALSE,FALSE,FALSE,FALSE,FALSE,FALSE,FALSE,FALSE,FALSE,FALSE,FALSE,FALSE,FALSE,FALSE,FALSE,TRUE,FALSE,FALSE,FALSE,FALSE,FALSE,FALSE,FALSE,FALSE,TRUE,FALSE,FALSE,FALSE,FALSE,FALSE,"External dependencies: The use of multiple third-party dependencies introduces a reliance on external systems or libraries, similar to relying on a supplier for ingredients. If any of these dependencies contain vulnerabilities, it can pose risks to the security of the project. In this case, using vulnerable third-party libraries may lead to security vulnerabilities that could be exploited by attackers, resulting in potential data breaches, theft of sensitive information, and other security issues. Exploitation: The lack of error handling, especially for blockchain transactions, introduces vulnerabilities that could be exploited by attackers. Without proper error handling mechanisms in place, unexpected errors or failures during transactions could lead to unhandled exceptions and incomplete states, leaving the system vulnerable to exploitation. Hidden owner: The lack of evident validation on inputs such as public keys, secret keys, and seed words introduces a risk similar to a hidden owner scenario. If the validation is not in place, the true control and accountability over the contract's behavior remain hidden, potentially allowing malicious actors to exploit the absence of validation mechanisms."
Data Analytics,f7f965fcfd196ca5f24feb7514f1afdabe7f6568,https://wp.hacken.io/wp-content/uploads/2022/07/Web3-Bazaar_SCAudit_Report2.docx.pdf,https://hacken.io/audits/web3-bazaar/,Polygon,FALSE,FALSE,FALSE,FALSE,FALSE,FALSE,FALSE,FALSE,TRUE,TRUE,TRUE,FALSE,TRUE,FALSE,FALSE,FALSE,FALSE,FALSE,FALSE,FALSE,FALSE,FALSE,FALSE,FALSE,FALSE,FALSE,FALSE,FALSE,FALSE,FALSE,FALSE,FALSE,"can_take_back_ownership, owner_change_balance, and selfdestruct are marked true because they present risks related to control over the contract's functionalities, ownership, and potential for malicious actions such as altering balances or destroying the contract. 0xa80e4eA13aC0d8Fb1bfD1f57697cB49B445eF8Db contract address"
Data Analytics,6503e61880c03fb45741c177c25f4955dca5f0df,https://wp.hacken.io/wp-content/uploads/2022/11/VENOM_BLOCKCHAIN_HOLDING_LIMITED_20_05_2022_SC_Audit_Report.pdf,https://hacken.io/audits/venom-blockchain/,Ethereum,FALSE,FALSE,FALSE,FALSE,FALSE,FALSE,FALSE,FALSE,FALSE,TRUE,TRUE,FALSE,TRUE,FALSE,FALSE,FALSE,FALSE,FALSE,FALSE,FALSE,FALSE,FALSE,FALSE,FALSE,FALSE,FALSE,FALSE,FALSE,FALSE,FALSE,FALSE,FALSE,"can_take_back_ownership, owner_change_balance and selfdestruct are risks tagged as true because the contract include concerns related to ownership control, gas management, outdated compiler versions, and potential data packing issues. These risks could lead to unauthorized control over the contract, partial execution of transactions, or unexpected behavior due to compiler version discrepancies."
Data Analytics,d248cc9a4fc08849f0a5f5d34560f7998b182d4b,https://www.halborn.com/audits/moonwell-finance/governance-dynamic-quorum-smart-contract-security-assessment,https://www.halborn.com/audits/moonwell-finance,Ethereum,FALSE,FALSE,FALSE,FALSE,FALSE,FALSE,FALSE,FALSE,FALSE,FALSE,FALSE,FALSE,FALSE,FALSE,FALSE,FALSE,FALSE,FALSE,FALSE,FALSE,FALSE,FALSE,FALSE,FALSE,FALSE,FALSE,FALSE,FALSE,FALSE,FALSE,FALSE,FALSE,"Although none of the risk tags are marked true because Moonwell team solve all of the issue found. However, Halborn strongly recommends conducting a follow-up assessment of the project either within six months or immediately following any material changes to the codebase, whichever comes first for maintaining the projectâ€™s integrity and addressing potential vulnerabilities introduced by code modifications."
Data Analytics,856cce0b4c37514314e73fe6447b10caa8497f36,https://wp.hacken.io/wp-content/uploads/2023/10/Swissborg_SC-Audit-Report_22.08.2023_SA-1552.pdf,https://hacken.io/research/,Ethereum,FALSE,FALSE,FALSE,FALSE,FALSE,FALSE,FALSE,FALSE,FALSE,FALSE,FALSE,FALSE,FALSE,FALSE,FALSE,FALSE,FALSE,FALSE,FALSE,FALSE,FALSE,FALSE,FALSE,FALSE,FALSE,FALSE,FALSE,FALSE,FALSE,FALSE,FALSE,FALSE,"This smart contract was audited with one medium risk, two low risk, and four informational notices. All these issues have either been fixed or mitigated and the audit shows that the smart contract has a security score of 10 out of 10. Based on the report and audit it seems that all these issues have been tended to."
Data Analytics,4fb70361f005b07c336121295b97633c4f7d1c12,https://wp.hacken.io/wp-content/uploads/2021/08/Lithium_31082021SCAudit_Report_3-1.pdf,https://hacken.io/research/,Polygon,FALSE,FALSE,FALSE,FALSE,FALSE,FALSE,FALSE,FALSE,FALSE,FALSE,FALSE,FALSE,FALSE,FALSE,FALSE,FALSE,FALSE,FALSE,FALSE,FALSE,FALSE,FALSE,FALSE,FALSE,FALSE,FALSE,FALSE,FALSE,FALSE,FALSE,FALSE,FALSE,"The smart contract had a few low severity issues related to bad contract design which consisted of unused imports, too many digits, and a public function that needed to be external. These issues were fixed before the second audit and now all security issues have been fixed as per the audit."
Data Analytics,02f4c6d4b82b0d342ee13f08e96458b274d7c0a4,https://wp.hacken.io/wp-content/uploads/2024/04/Hacken_Avive_SCA-Avive-_-Token-_-Apr2024_P-2024-250_1_20240426-17_30.pdf,https://hacken.io/research/,Arbitrum,FALSE,FALSE,FALSE,FALSE,FALSE,FALSE,FALSE,FALSE,FALSE,TRUE,FALSE,FALSE,FALSE,FALSE,FALSE,FALSE,FALSE,FALSE,FALSE,FALSE,FALSE,FALSE,FALSE,FALSE,FALSE,FALSE,FALSE,FALSE,FALSE,FALSE,FALSE,FALSE,"In this smart contract, out of the seven risks identified five risks were resolved and two risks were accepted. One of the risks that was accepted is a low-severity risk related to a lack of two step ownership transfer mechanism which makes it possible to transfer ownership with a single transaction. The other issue that was accepted was simply an informational risk that relates to increasing the code quality, not the security of the smart contract. Overall, the smart contract is reported to be 10/10 in security score as per the audit."
Data Analytics,af6ea2680266958b23ea300b41e16ac38d42bf3b,https://wp.hacken.io/wp-content/uploads/2024/04/Hacken_Codyfight_SCA-Codyfight-_-Token-_-Apr2024_P-2024-324_2_20240424-10_52.pdf,https://hacken.io/research/,Ethereum,FALSE,FALSE,FALSE,FALSE,FALSE,FALSE,FALSE,FALSE,FALSE,FALSE,FALSE,FALSE,FALSE,FALSE,FALSE,FALSE,FALSE,FALSE,FALSE,FALSE,FALSE,FALSE,FALSE,FALSE,FALSE,FALSE,FALSE,FALSE,FALSE,FALSE,FALSE,FALSE,"The smart contract contains zero critical, high, medium, and low severity risks according to the audit. The security score is 10/10 and the code quality is also reported to be 10/10. One observation was that there was a Missing Zero Address Validation function present which was fixed after the audit report. Overall the smart contract is secure without any security risks."
Data Analytics,2d7795082308d303eb23c66490579a5b21a1bac9,https://consensys.io/diligence/audits/2021/03/umbra-smart-contracts/#document-token-behavior-restrictions,https://consensys.io/diligence/audits/,Ethereum,FALSE,FALSE,FALSE,FALSE,FALSE,FALSE,FALSE,FALSE,FALSE,FALSE,FALSE,FALSE,TRUE,FALSE,FALSE,FALSE,FALSE,FALSE,FALSE,FALSE,FALSE,FALSE,FALSE,FALSE,FALSE,FALSE,FALSE,FALSE,FALSE,FALSE,FALSE,FALSE,"While it doesn't indicate any immediate security risk tags, it highlights a concern regarding complexity and clarity in the codebase. The suggestion to split the mappings into two separate ones for viewing keys and spending keys aims to improve readability and maintainability, reducing the chances of errors in the code."
Data Analytics,1c391af75e37da1108f426b5ff14b4766538c79e,https://blog.openzeppelin.com/celo-contracts-audit-phase-7/,https://openzeppelin.com/security/audits/,Ethereum,FALSE,FALSE,FALSE,FALSE,FALSE,FALSE,FALSE,FALSE,FALSE,FALSE,FALSE,FALSE,FALSE,FALSE,FALSE,FALSE,FALSE,FALSE,FALSE,FALSE,FALSE,FALSE,FALSE,FALSE,FALSE,FALSE,FALSE,FALSE,FALSE,FALSE,FALSE,FALSE,"All risk tags are marked as false since there were no identified security risks based on the audit findings. The audit identified low-severity issues and proposed changes to follow best practices, but they were not related to significant security vulnerabilities."
Data Analytics,8ad854eb6c1e95ffb4fc375d4359d4e140569d5a,https://chainsecurity.com/wp-content/uploads/2021/10/ChainSecurity_Curve_Finance_Curve_ETH_sETH_Smart-contract-audit_September-27th-2021.pdf,https://chainsecurity.com/smart-contract-audit-reports/,Ethereum,FALSE,FALSE,FALSE,FALSE,FALSE,FALSE,FALSE,FALSE,FALSE,FALSE,FALSE,FALSE,FALSE,FALSE,FALSE,TRUE,FALSE,TRUE,FALSE,FALSE,FALSE,FALSE,FALSE,FALSE,FALSE,FALSE,FALSE,FALSE,FALSE,FALSE,FALSE,FALSE,Exploitation risk present due to the fee input being able to be outside permitted value range when initially set inside of the constructor
Data Analytics,b29fd097cb4017e0fc8a24194229f528a5d84cd6,https://github.com/Quillhash/QuillAudit_Reports/blob/master/BTC%20Proxy%20Smart%20Contract%20Audit%20Report%20-%20QuillAudits.pdf,https://github.com/Quillhash/QuillAudit_Reports/,Ethereum,FALSE,FALSE,FALSE,FALSE,FALSE,FALSE,FALSE,FALSE,FALSE,TRUE,FALSE,FALSE,FALSE,FALSE,FALSE,FALSE,FALSE,FALSE,FALSE,FALSE,FALSE,FALSE,FALSE,FALSE,FALSE,FALSE,FALSE,FALSE,FALSE,FALSE,FALSE,FALSE,Most of risk tags from the list of questions are marked as false since there were no identified security risks based on the audit findings. I would says can_take_back_ownership is true because it is related to renounce ownership risk tag. This issue was identified in both the BaseVesting and TokenVesting contracts. It was considered a low-severity issue as it pertained to the renounceOwnership function not being appropriately handled. It was resolved by removing the renounceOwnership function.
Data Analytics,21f17395ec22bd3758433d462f1cd024f95636f2,https://github.com/Quillhash/QuillAudit_Reports/blob/master/Elemon%20Smart%20Contract%20Audit%20Report%20-%20QuillAudits.pdf,https://github.com/Quillhash/QuillAudit_Reports/,Ethereum,FALSE,FALSE,FALSE,FALSE,FALSE,FALSE,FALSE,FALSE,FALSE,FALSE,FALSE,FALSE,FALSE,FALSE,FALSE,FALSE,FALSE,FALSE,FALSE,FALSE,FALSE,FALSE,FALSE,FALSE,FALSE,FALSE,FALSE,FALSE,FALSE,FALSE,FALSE,FALSE,No major issues were found. Some false positive errors were reported by the tool. Some are fixed by the Elemon Team.
Data Analytics,28a7ac585e394fee7d75af93d84816eecd66ff0d,https://kudelskisecurity.com/?s=smart+contract,https://kudelskisecurity.com/wp-content/uploads/PUBLIC_RELEASE_REDACTED_Kudelski_BelugaDex_SCR_2022_Retest_Report.pdf,Ethereum,FALSE,FALSE,FALSE,FALSE,FALSE,FALSE,FALSE,FALSE,FALSE,TRUE,TRUE,FALSE,FALSE,FALSE,FALSE,FALSE,FALSE,FALSE,FALSE,FALSE,FALSE,TRUE,FALSE,FALSE,TRUE,FALSE,FALSE,FALSE,FALSE,FALSE,FALSE,FALSE,"(1) Signer Authorization; (2) Account Data Matching, (3) Owner Checks, (4) Type Cosplay, (5) Initialization, (6) Arbitrary CPI, (7) Duplicate Mutable Accounts, (8) Bump-Seed Canonicalization, (9) PDA Sharing, (10) Closing Accounts, (11) sysvar Address Matching."
Data Analytics,0xC48BE75dBd5bc9E4B39908881cfe63f9f3Cd2f6e,https://consensys.io/diligence/audits/2021/03/umbra-smart-contracts/,https://consensys.io/diligence/audits,Ethereum,FALSE,TRUE,FALSE,FALSE,FALSE,FALSE,FALSE,FALSE,FALSE,FALSE,FALSE,FALSE,FALSE,FALSE,FALSE,FALSE,FALSE,FALSE,FALSE,TRUE,FALSE,FALSE,FALSE,FALSE,TRUE,FALSE,FALSE,FALSE,FALSE,FALSE,FALSE,FALSE,I put true for 31 because the main risk was a minor one. 28 beacuse mentioned chainid was resusable. 8 true because no owner was mentioned
Data Analytics,1. 0e95242dceab8815a44767f6ef2b20a693765e56,https://consensys.io/diligence/audits/2021/03/umbra-smart-contracts/,https://consensys.io/diligence/audits,Ethereum,FALSE,TRUE,FALSE,FALSE,FALSE,FALSE,FALSE,FALSE,FALSE,FALSE,FALSE,FALSE,FALSE,FALSE,FALSE,FALSE,FALSE,FALSE,FALSE,FALSE,FALSE,FALSE,FALSE,FALSE,FALSE,FALSE,FALSE,FALSE,FALSE,FALSE,FALSE,FALSE,I put true for hidden owner since there needs to be assigned an admin and its missing a constructor for that
Data Analytics,0xFb3bD022D5DAcF95eE28a6B07825D4Ff9C5b3814,https://consensys.io/diligence/audits/2021/06/idle-finance/,https://consensys.io/diligence/audits,Ethereum,FALSE,FALSE,FALSE,FALSE,FALSE,FALSE,FALSE,FALSE,FALSE,FALSE,FALSE,FALSE,FALSE,FALSE,FALSE,FALSE,FALSE,FALSE,FALSE,FALSE,FALSE,FALSE,FALSE,FALSE,TRUE,FALSE,TRUE,FALSE,TRUE,FALSE,FALSE,FALSE,"35 because highlights reentrancy issue with function, 33 because mentioned use of external calls to other contracts which can be dangerous, 31 because most of the issues are minor,"
Data Analytics,0xc944e90c64b2c07662a292be6244bdf05cda44a7,https://consensys.io/diligence/audits/2024/04/tezoro-snap/#cronjob-checktokens-might-flood-user-notifications,https://consensys.io/diligence/audits,Ethereum,FALSE,FALSE,FALSE,FALSE,FALSE,FALSE,FALSE,FALSE,FALSE,FALSE,FALSE,FALSE,FALSE,FALSE,FALSE,FALSE,FALSE,TRUE,TRUE,FALSE,FALSE,FALSE,FALSE,FALSE,FALSE,FALSE,FALSE,FALSE,FALSE,FALSE,FALSE,TRUE,"For 38, there was some issue with calculations that can impose a risk for vulnerabilities. 24 and 25 I put true because there is no check for irigin of RPC request which can cause impersonations and exploitaqtions."
Data Analytics,0xc84A75C2Ba365E5f7BFd62EFB21bb32259609A17,https://consensys.io/diligence/audits/2024/02/trillion-network/,https://consensys.io/diligence/audits,Ethereum,FALSE,FALSE,FALSE,FALSE,FALSE,FALSE,FALSE,FALSE,TRUE,FALSE,FALSE,FALSE,FALSE,FALSE,FALSE,FALSE,FALSE,TRUE,TRUE,FALSE,FALSE,FALSE,FALSE,FALSE,FALSE,FALSE,FALSE,FALSE,FALSE,FALSE,FALSE,FALSE,"For true i put 24, 25 because there are risks invovled where there is unlimited minting and also risks where private key is exposed and critical functions are public. This can lead to exploitations and people using vulnerabilities for malicious reasons"
Data Analytics,0x3ab5aB25EbC61cEFCDCdc3CB301e47A3Bdb8E8b2,https://consensys.io/diligence/audits/2023/08/kilnfi-staking-consensys/,https://consensys.io/diligence/audits,Ethereum,FALSE,FALSE,FALSE,FALSE,FALSE,FALSE,FALSE,FALSE,FALSE,FALSE,FALSE,FALSE,FALSE,FALSE,FALSE,FALSE,FALSE,TRUE,TRUE,FALSE,FALSE,FALSE,TRUE,FALSE,FALSE,FALSE,FALSE,FALSE,FALSE,FALSE,FALSE,FALSE,True for 24 and 25 because there are risks for phishing attacks mentioned as well as since there are incorrect privileges given to some which can lead to exploitation. I also put true for 29 because admin of contract has ability to update and uprgrade things in system with out warning which is not the best practice
Data Analytics,0x00000000000000adc04c56bf30ac9d3c0aaf14dc,https://consensys.io/diligence/audits/2023/07/wallet-guard/,https://consensys.io/diligence/audits,Ethereum,FALSE,TRUE,FALSE,FALSE,FALSE,FALSE,FALSE,FALSE,FALSE,FALSE,FALSE,FALSE,FALSE,FALSE,FALSE,FALSE,FALSE,TRUE,TRUE,FALSE,FALSE,FALSE,FALSE,FALSE,FALSE,FALSE,FALSE,FALSE,FALSE,FALSE,FALSE,TRUE,I put 24 and 25 because there was a missing input validation that an attacker could use for injection attacks and also server should never rely on clients randomness which can lead to vulnerabilities. Also there wer some issues with calculationsn and what is displayed so i put in 38 as true
Data Analytics,0xB2ECeE674ddEA5023bD303076C267D81344E5F20,https://consensys.io/diligence/audits/2023/05/geode-liquid-staking/,https://consensys.io/diligence/audits,Ethereum,FALSE,FALSE,FALSE,FALSE,FALSE,FALSE,FALSE,FALSE,FALSE,FALSE,FALSE,TRUE,FALSE,FALSE,FALSE,FALSE,FALSE,TRUE,TRUE,FALSE,FALSE,FALSE,FALSE,FALSE,FALSE,FALSE,FALSE,FALSE,FALSE,FALSE,FALSE,FALSE,I put 24 and 25 as true because there was a major risk where node operators could stake validators that were not proposed to them which can lead to a point where funds can be stolen.
Data Analytics,0xEeeeeEeeeEeEeeEeEeEeeEEEeeeeEeeeeeeeEEeE,https://consensys.io/diligence/audits/2022/03/fuji-protocol/,https://consensys.io/diligence/audits,Ethereum,FALSE,FALSE,FALSE,FALSE,FALSE,FALSE,FALSE,TRUE,FALSE,FALSE,FALSE,FALSE,FALSE,FALSE,FALSE,FALSE,FALSE,TRUE,TRUE,FALSE,FALSE,FALSE,FALSE,FALSE,FALSE,FALSE,FALSE,FALSE,TRUE,FALSE,FALSE,FALSE,I put true for slippage because it is missing slippage protections. And I put true for 24 and 25 because of issues where there are unchecked return values that can be used by malicious users to call a function and not repay. And I put true for reentrancy_without_eth_transfer because there is a lack of reentrancy protection in the token interactions.
Data Analytics,0x7fc66500c84a76ad7e9c93437bfc5ac33e2ddae9,https://consensys.io/diligence/audits/2022/07/notional-finance/,https://consensys.io/diligence/audits,Ethereum,FALSE,FALSE,FALSE,FALSE,FALSE,FALSE,FALSE,FALSE,FALSE,FALSE,FALSE,FALSE,FALSE,FALSE,TRUE,FALSE,FALSE,FALSE,FALSE,FALSE,FALSE,FALSE,FALSE,FALSE,FALSE,FALSE,FALSE,FALSE,FALSE,FALSE,FALSE,FALSE,I put true for whitelisting because it is mentionedthat there is whitelisitng used in teh contract which is fine but the contract itself doesnt do enough checks on validitiy.
Data Analytics,b18bec78a463378926e6d134136ee510d18e32d943fa051db64d7dded272337e,https://wp.hacken.io/wp-content/uploads/2022/07/AuroraLabs_13102022_SCAudit_Report3.pdf,https://hacken.io/,Ethereum,FALSE,FALSE,FALSE,FALSE,FALSE,FALSE,FALSE,FALSE,FALSE,FALSE,FALSE,FALSE,FALSE,FALSE,FALSE,FALSE,FALSE,FALSE,TRUE,FALSE,FALSE,FALSE,FALSE,FALSE,FALSE,FALSE,FALSE,FALSE,FALSE,FALSE,FALSE,FALSE,"This error represents a bad contract design, where the documented feature (token burn mechanism) is not implemented in the code. This discrepancy can lead to misunderstandings and potential vulnerabilities, as users and developers may assume the existence of a feature that isn't actually present."
Data Analytics,8e9f3b6482242aab33735b962803e19b3daf9d900f6e2ed0ff40102abce1c10c,https://wp.hacken.io/wp-content/uploads/2022/07/AuroraLabs_13102022_SCAudit_Report3.pdf,https://hacken.io/,Ethereum,FALSE,FALSE,FALSE,FALSE,FALSE,FALSE,FALSE,FALSE,FALSE,FALSE,FALSE,FALSE,FALSE,FALSE,FALSE,FALSE,FALSE,FALSE,TRUE,FALSE,FALSE,FALSE,FALSE,FALSE,FALSE,FALSE,FALSE,FALSE,FALSE,FALSE,FALSE,FALSE,"This error indicates a design flaw where the contract does not validate critical inputs, specifically the zero address check. Allowing address parameters to be 0x0 can result in unintended behavior, such as unwanted external calls to the zero address, which can be exploited or cause failures in the contract's operation."
Data Analytics,fb92ef4e1385ea4006f7feb9103e131a41b7223af6b5663a8b4520470de71055,https://wp.hacken.io/wp-content/uploads/2022/07/AuroraLabs_13102022_SCAudit_Report3.pdf,https://hacken.io/,Ethereum,FALSE,FALSE,FALSE,FALSE,FALSE,FALSE,FALSE,FALSE,FALSE,FALSE,FALSE,FALSE,FALSE,FALSE,FALSE,FALSE,FALSE,FALSE,TRUE,FALSE,FALSE,FALSE,FALSE,FALSE,FALSE,FALSE,FALSE,FALSE,FALSE,FALSE,FALSE,FALSE,"This error signifies a serious design flaw where the contract reaches a failing assert statement, which should never happen if the code is functioning correctly. Asserts are used to enforce invariants within the code; reaching a failing assert indicates that these invariants have been violated, pointing to underlying bugs or unexpected behaviors. This fits the bad_contract risk tag as it highlights fundamental issues in the contract's logic and implementation that need to be addressed to ensure reliable and secure operation."
Data Analytics,25beb6313186dc7bbdcbb60815381c369a3af578,https://wp.hacken.io/wp-content/uploads/2021/09/MasterVentures_30092021SCAudit_Report_2.pdf,https://hacken.io/,Ethereum,FALSE,FALSE,FALSE,FALSE,FALSE,FALSE,FALSE,FALSE,FALSE,FALSE,FALSE,FALSE,FALSE,FALSE,FALSE,FALSE,FALSE,FALSE,TRUE,FALSE,FALSE,FALSE,FALSE,FALSE,FALSE,FALSE,TRUE,TRUE,FALSE,FALSE,FALSE,FALSE,"This error involves reliance on an external factor, block.timestamp, which can be influenced by miners, introducing potential vulnerabilities. Declaring functions as public when they are never called internally can lead to inefficient gas usage, indicating a suboptimal contract design. Logical errors like tautologies or contradictions indicate flawed code logic that can lead to misinterpretation and errors. Variables that are not intended to change should be declared as constants to optimize gas usage and ensure clarity in the contractâ€™s intended behavior."
Data Analytics,48c98f288c77f57fa17e87964394f98e1e2ee636,https://consensys.io/diligence/audits/,https://consensys.io/diligence/research/,Ethereum,FALSE,FALSE,FALSE,FALSE,FALSE,FALSE,FALSE,FALSE,FALSE,FALSE,FALSE,FALSE,FALSE,FALSE,FALSE,FALSE,FALSE,FALSE,FALSE,FALSE,FALSE,FALSE,FALSE,FALSE,FALSE,FALSE,FALSE,FALSE,TRUE,FALSE,FALSE,FALSE,Re-entrancy Risks: This corresponds to reentrancy_without_eth_transfer. The issue was fixed by introducing reentrancy guards.
Data Analytics,https://consensys.io/diligence/blog/,https://consensys.io/diligence/audits/,https://consensys.io/diligence/blog/,Ethereum,FALSE,FALSE,FALSE,FALSE,FALSE,FALSE,FALSE,FALSE,FALSE,FALSE,FALSE,FALSE,FALSE,FALSE,FALSE,FALSE,FALSE,FALSE,FALSE,FALSE,FALSE,FALSE,FALSE,FALSE,FALSE,FALSE,TRUE,FALSE,FALSE,FALSE,FALSE,FALSE,"You may, through hypertext or other computer links, gain access to web sites operated by persons other than Consensys and CD. Such hyperlinks are provided for your reference and convenience only, and are the exclusive responsibility of such web sitesâ€™ owners. You agree that Consensys and CD are not responsible for the content or operation of such Web sites, and that Consensys and CD shall have no liability to you or any other person or entity for the use of third-party Web sites."
Data Analytics,6a152226acb68a420af5db02feffee2fc2162fff In,https://chainsecurity.com/wp-content/uploads/2024/04/ChainSecurity_Avantgarde_Finance_Enzyme_31Third_Adapter_audit.pdf,https://chainsecurity.com/blog/,Ethereum,FALSE,FALSE,FALSE,FALSE,FALSE,FALSE,FALSE,FALSE,FALSE,FALSE,FALSE,FALSE,FALSE,FALSE,FALSE,FALSE,FALSE,FALSE,FALSE,FALSE,FALSE,FALSE,FALSE,FALSE,TRUE,FALSE,TRUE,FALSE,FALSE,FALSE,FALSE,FALSE,centralized_risk_low (due to the influence of managers and policies) and external_dependencies (due to dependencies on third-party protocols).
Data Analytics,6c2bef46955b2e38dfebc7e135ee86b616fcbcb9,https://www.halborn.com/audits/alluvial/liquid-collective-smart-contract-security-assessment,https://www.halborn.com/audits,Polygon,FALSE,FALSE,FALSE,FALSE,FALSE,FALSE,FALSE,FALSE,FALSE,FALSE,FALSE,FALSE,FALSE,FALSE,FALSE,FALSE,FALSE,FALSE,TRUE,FALSE,FALSE,FALSE,FALSE,FALSE,FALSE,FALSE,FALSE,FALSE,FALSE,FALSE,FALSE,FALSE,"The core problem outlined is that the donate() function does not work as intended when totalSupply() is zero, which is a flaw or unintended behavior in the contract logic itself. This fits squarely into the Bad Contract risk tag definition"
Data Analytics,8f2c421b0c8d4bfacf746bfbb882e18cce13,https://consensys.io/diligence/audits/2023/09/leequid-staking/,https://consensys.io/diligence/blog/,Ethereum,FALSE,FALSE,FALSE,FALSE,FALSE,FALSE,FALSE,FALSE,FALSE,FALSE,FALSE,FALSE,FALSE,FALSE,FALSE,FALSE,FALSE,TRUE,FALSE,FALSE,FALSE,FALSE,FALSE,FALSE,FALSE,FALSE,FALSE,FALSE,FALSE,FALSE,FALSE,FALSE,the Exploitation risk tag would be the most applicable categorization for this finding about the lack of protection against attackers initializing implementation contracts maliciously
Data Analytics,291600c50c295b3bc473c975d504bc5671d5fabe,https://consensys.io/diligence/audits/2023/08/dram-stablecoin/,https://consensys.io/diligence/blog/,Ethereum,FALSE,FALSE,FALSE,FALSE,FALSE,FALSE,FALSE,FALSE,FALSE,FALSE,FALSE,FALSE,FALSE,FALSE,FALSE,FALSE,FALSE,FALSE,FALSE,FALSE,FALSE,FALSE,FALSE,TRUE,FALSE,FALSE,FALSE,FALSE,FALSE,FALSE,FALSE,FALSE,"having all the critical roles centralized initially to one admin address gives that single entity complete control over the system, at least until the roles are properly transferred out. This centralization of control is precisely what the Centralized Risk High tag aims to highlight."
Data Analytics,d9c5ebf,chrome-extension://efaidnbmnnnibpcajpcglclefindmkaj/https://wp.hacken.io/wp-content/uploads/2024/02/Hacken_BlockSquare_SCA-Blocksquare_Oceanpoint_Jan2024_P-2024-142_1_20240220-18_32.pdf,https://hacken.io/audits/blocksquare/,Ethereum,FALSE,FALSE,FALSE,FALSE,FALSE,FALSE,FALSE,FALSE,FALSE,FALSE,FALSE,FALSE,FALSE,FALSE,FALSE,FALSE,FALSE,FALSE,FALSE,FALSE,FALSE,FALSE,TRUE,FALSE,TRUE,FALSE,FALSE,FALSE,FALSE,FALSE,FALSE,FALSE,"The comprehensive audit of the customer's smart contract yields an overall score of 9.5. This score reflects the combined evaluation of documentation, code quality, test coverage, and security aspects of the"
Data Analytics,6212a09576ff18eea8b3291667617b724a8e9b1b,https://consensys.io/diligence/audits/2022/07/notional-finance/,https://consensys.io/diligence/blog/,Ethereum,FALSE,FALSE,FALSE,FALSE,FALSE,FALSE,FALSE,FALSE,FALSE,FALSE,FALSE,FALSE,FALSE,FALSE,FALSE,FALSE,FALSE,FALSE,TRUE,FALSE,FALSE,FALSE,FALSE,FALSE,FALSE,FALSE,FALSE,FALSE,FALSE,FALSE,FALSE,FALSE,Bad Contract risk tag would be the most appropriate categorization for this issue related to the borrowSecondaryCurrencyToVault function preventing borrowing of a single secondary currency for certain strategies.
Data Analytics,8b07c0723d2a655a20d26620d4c3962cb9de4b00,https://consensys.io/diligence/audits/2022/11/geodefi/,https://consensys.io/diligence/blog/,Ethereum,FALSE,FALSE,FALSE,FALSE,FALSE,FALSE,FALSE,FALSE,FALSE,FALSE,FALSE,FALSE,FALSE,FALSE,FALSE,FALSE,FALSE,TRUE,TRUE,FALSE,FALSE,FALSE,FALSE,TRUE,FALSE,FALSE,FALSE,FALSE,FALSE,FALSE,FALSE,FALSE,"Exploitation Description: Taking advantage of vulnerabilities in smart contracts to steal funds or disrupt operations. This applies to the issue described in 5.3 where new interfaces can add malicious code without checks, potentially allowing planet maintainers to steal all derivative tokens. Bad Contract Description: Like a flawed architectural plan that leads to a building collapse. The issues described in 5.1 about the inability to properly handle slashing events when updating prices, and 5.2 about the multiple calculation mistakes in the pricing function, can be considered flaws or unintended behaviors in the contract logic, fitting the Bad Contract risk tag. Centralized Risk High Description: High centralized risk occurs when a single entity has significant control over a system, creating a potential point of failure. The fact that operators have no stake/skin in the game and won't lose anything from slashing events (mentioned in the first paragraph) points to a high level of centralized control and risk."
Data Analytics,bfd777bb99a4fd5a25a61d4da344ca4f357870dc,chrome-extension://efaidnbmnnnibpcajpcglclefindmkaj/https://wp.hacken.io/wp-content/uploads/2022/09/Tomb_SCAudit_Report.pdf,https://hacken.io/audits/lif3/,Ethereum,FALSE,FALSE,FALSE,FALSE,FALSE,FALSE,FALSE,FALSE,FALSE,FALSE,FALSE,FALSE,FALSE,FALSE,FALSE,FALSE,FALSE,FALSE,FALSE,FALSE,FALSE,FALSE,FALSE,FALSE,TRUE,FALSE,FALSE,FALSE,FALSE,FALSE,FALSE,FALSE,Consider locking the pragma version whenever possible and avoid using a floating pragma in the final deployment.
Data Analytics,0x485d17A6f1B8780392d53D64751824253011A26 0,chrome-extension://efaidnbmnnnibpcajpcglclefindmkaj/https://wp.hacken.io/wp-content/uploads/2022/09/Tomb_SCAudit_Report.pdf,https://hacken.io/audits/chronotech/,Ethereum,FALSE,FALSE,FALSE,FALSE,FALSE,FALSE,FALSE,FALSE,FALSE,FALSE,FALSE,FALSE,FALSE,FALSE,FALSE,FALSE,FALSE,FALSE,FALSE,FALSE,FALSE,FALSE,FALSE,FALSE,TRUE,FALSE,TRUE,FALSE,FALSE,FALSE,FALSE,FALSE,A public function that could be declared external. public functions that are never called by the contract should be declared external to save gas
Data Analytics,7dbb3d56713c632f1c97c6c1d0e32ac95df05876,chrome-extension://efaidnbmnnnibpcajpcglclefindmkaj/https://wp.hacken.io/wp-content/uploads/2022/04/BreederDAO_14.04.2022_SC_Audit_Report2.pdf,https://hacken.io/audits/breederdao/,Ethereum,FALSE,FALSE,FALSE,FALSE,FALSE,FALSE,FALSE,FALSE,FALSE,FALSE,TRUE,FALSE,FALSE,FALSE,FALSE,FALSE,FALSE,FALSE,FALSE,FALSE,FALSE,FALSE,TRUE,TRUE,TRUE,FALSE,FALSE,FALSE,FALSE,FALSE,FALSE,FALSE,"1. After the initial review there were added several new contracts that are not included to the audit scope. 2. The owner can revoke a vesting and take back unvested money, but rewards earned up to that moment would still be available. 3. The owner can change the master version of the vesting contract. The audit only covers the version from the scope."
Data Analytics,c19e17c5c72b464d2df8a2691e7f474f5b3c95e2,chrome-extension://efaidnbmnnnibpcajpcglclefindmkaj/https://wp.hacken.io/wp-content/uploads/2021/07/21052021_BarnBridge_YieldFarmContinuous_SC_Audit_Report.pdf,https://hacken.io/audits/barnbridge/,Ethereum,FALSE,FALSE,FALSE,FALSE,FALSE,FALSE,FALSE,FALSE,FALSE,FALSE,FALSE,FALSE,FALSE,FALSE,FALSE,FALSE,FALSE,FALSE,FALSE,FALSE,FALSE,FALSE,FALSE,FALSE,FALSE,FALSE,FALSE,FALSE,FALSE,FALSE,FALSE,FALSE,No risk
Data Analytics,d851e0e9c34540838a9bfd1bc1149aa33d84a239,chrome-extension://efaidnbmnnnibpcajpcglclefindmkaj/https://wp.hacken.io/wp-content/uploads/2022/09/Enjinstarter_SCAudit_Report3.pdf,https://hacken.io/audits/enjinstarter/,Ethereum,FALSE,FALSE,FALSE,FALSE,FALSE,FALSE,FALSE,FALSE,FALSE,TRUE,FALSE,FALSE,FALSE,FALSE,FALSE,FALSE,FALSE,FALSE,FALSE,FALSE,FALSE,FALSE,FALSE,TRUE,TRUE,FALSE,FALSE,FALSE,FALSE,FALSE,FALSE,FALSE,"- The owner can change the staking pool contract address, change the admin wallet, pause and unpause the contract, close staking pools, suspend and resume staking pools and stakes. - The code can be simplified"
Data Analytics,086b7e4c7329db725358a0b8c45ee73d7dcb5f8a,https://hacken.io/case-studies/case-study-smart-contract-audit-for-itheum/,https://hacken.io/,Ethereum,FALSE,FALSE,FALSE,FALSE,FALSE,FALSE,FALSE,FALSE,FALSE,FALSE,TRUE,FALSE,FALSE,TRUE,FALSE,FALSE,FALSE,FALSE,FALSE,FALSE,FALSE,FALSE,TRUE,FALSE,FALSE,FALSE,FALSE,FALSE,FALSE,FALSE,FALSE,FALSE,I believe there's a change balance risk because the owner can manually set new claim amounts for addresses. Thus poses a risk of arbitrary balance modifications. There's Centralized Risk Medium tag because the owner has significant control over claim amounts.
Data Analytics,4d650f9152b5c90a63a25f13c2a0176c2632526d,https://hacken.io/case-studies/dexalot-dex-smart-contracts-audited-by-hacken/,https://hacken.io/,Optimism,FALSE,FALSE,FALSE,FALSE,FALSE,FALSE,FALSE,TRUE,FALSE,FALSE,FALSE,FALSE,FALSE,TRUE,FALSE,FALSE,FALSE,FALSE,FALSE,FALSE,FALSE,FALSE,TRUE,FALSE,FALSE,FALSE,TRUE,FALSE,FALSE,FALSE,FALSE,FALSE,"Slippage Modifiable because the default admin can set slippage tolerance, allowing for potential adjustments that might affect trades. Trusted tag because the contract is part of a highly secure and audited system. Centralized Risk Medium tag because the default admin has a lot of control over critical functions. External Dependencies tag because the contract relies on an off-chain REST API for signed quotes, which is a dependency outside the audit's control."
Data Analytics,69626eba206ae301b919f021e71b49feaf7ea8f5,https://blog.openzeppelin.com/ethereum-vault-connector-audit,https://openzeppelin.com/,Ethereum,FALSE,FALSE,FALSE,FALSE,FALSE,FALSE,FALSE,FALSE,FALSE,FALSE,FALSE,FALSE,FALSE,TRUE,FALSE,FALSE,FALSE,TRUE,TRUE,FALSE,FALSE,FALSE,TRUE,FALSE,FALSE,FALSE,FALSE,FALSE,FALSE,FALSE,FALSE,FALSE,"Trusted tag because the contract is part of a secure, audited system. Exploitation tag because multiple issues indicate the potential for exploitation. Bad Contract tag because the audit found various issues, indicating potential vulnerabilities. Centralized Risk Medium tag because the privileged roles have a lot control over the contractâ€™s functionality. External Dependencies tag because the contract relies on an off-chain REST API for certain functionalities, which counts as dependency outside the audit's control."
Data Analytics,dde7aedc766bf69f1cb0eb791b60259c705baa26,https://blog.openzeppelin.com/uma-accelerating-distributor-incremental-audit,https://openzeppelin.com/,Ethereum,FALSE,FALSE,FALSE,FALSE,FALSE,FALSE,FALSE,FALSE,FALSE,FALSE,TRUE,FALSE,FALSE,TRUE,FALSE,FALSE,FALSE,TRUE,TRUE,FALSE,FALSE,FALSE,TRUE,FALSE,FALSE,FALSE,FALSE,FALSE,FALSE,FALSE,FALSE,FALSE,Change Balance tag because the admin can update the configuration of staking pools. Trusted tag because the contract is part of a secure system. Exploitation tag because the many issues indicate the potential for exploitation. Bad Contract because the audit found several issues indicating potential vulnerabilities. Centralized Risk Medium tag because the admin has a lot of control over the contractâ€™s functionality.
Data Analytics,2f649b1fecb0b32aa500373a8b8b0804e0c98cd2,https://blog.openzeppelin.com/across-v2-incremental-audit#scope,https://openzeppelin.com/,Ethereum,FALSE,FALSE,FALSE,FALSE,FALSE,FALSE,FALSE,FALSE,FALSE,FALSE,TRUE,FALSE,FALSE,TRUE,FALSE,FALSE,FALSE,TRUE,TRUE,FALSE,FALSE,FALSE,TRUE,FALSE,FALSE,FALSE,FALSE,FALSE,FALSE,FALSE,FALSE,FALSE,"Change Balance tag because the admin can change configurations that impact user rewards and interactions, which is a potential risk for arbitrary adjustments. Trusted tag because the smart contract is part of a trusted system. Exploitation tag because the issues such as potential disruptions due to deposit limits and style inconsistencies, indicate a risk of possible exploits. Bad Contract tag because several issues such as incomplete documentation and misleading comments, which could affect the contract's reliability. Centralized Risk Medium because significant control by the admin over the contract's is a risk, must look out for misue."
Data Analytics,dc842fd071f225c9d1ff9ad4677b986970125cf9,https://blog.openzeppelin.com/restakefi-audit#scope,https://openzeppelin.com/,Ethereum,FALSE,FALSE,FALSE,FALSE,FALSE,FALSE,FALSE,FALSE,FALSE,FALSE,TRUE,FALSE,FALSE,TRUE,FALSE,FALSE,FALSE,TRUE,TRUE,FALSE,FALSE,FALSE,TRUE,FALSE,FALSE,FALSE,FALSE,FALSE,FALSE,FALSE,FALSE,FALSE,"Change Balance tag because the admin can update staking configurations, impacting user deposits and rewards. Trusted tag because the RestakeFi smart contract is part of a highly secure system. Exploitation tag because several issues show the potential for exploitation, such as critical severity issues with staking configurations and high-severity DoS vulnerabilities. Bad Contract tag because the audit found many issues from missing docstrings, improper NatSpec tags, and floating pragma directives, all potential vulnerabilities. Centralized Risk Medium tag because there's significant control by the admin over the contractâ€™s functionality."
Data Analytics,c01d48cdb2e72812b6b9780fe215d44faced50ba,https://blog.openzeppelin.com/uma-across-v2-audit-2023#scope,https://openzeppelin.com/,Ethereum,FALSE,FALSE,FALSE,FALSE,FALSE,FALSE,FALSE,FALSE,FALSE,FALSE,FALSE,FALSE,FALSE,TRUE,FALSE,FALSE,FALSE,TRUE,TRUE,FALSE,FALSE,FALSE,TRUE,FALSE,FALSE,FALSE,FALSE,FALSE,FALSE,FALSE,FALSE,FALSE,"Trusted tag because the Across V2 smart contract is part of a highly secure system. Exploitation tag because the issues indicate potential exploitation risks, including handling of refunds, potential underpayments, and ETH theft vulnerabilities. Bad Contract because issues were identified, ranging from including documentation errors, lack of event emission, missing docstrings, and typographical errors, all potential vulnerabilities. Centralized Risk Medium: Significant control by the admin over the contractâ€™s functionality poses a medium level of centralization risk."
Data Analytics,addd5741a520b10924f1f26cc45208ff5fa88139,https://blog.openzeppelin.com/beefy-zap-audit-1#scope,https://openzeppelin.com/,Ethereum,FALSE,FALSE,FALSE,FALSE,FALSE,FALSE,FALSE,FALSE,FALSE,FALSE,FALSE,FALSE,FALSE,FALSE,FALSE,FALSE,FALSE,TRUE,FALSE,FALSE,FALSE,FALSE,TRUE,FALSE,FALSE,FALSE,TRUE,FALSE,FALSE,FALSE,FALSE,FALSE,"Exploitation because citical and high-severity vulnerabilities were identified, including an external call to Permit2 allowing theft of users' tokens and a potential denial-of-service attack on router functionality. Bad_contract tag because the presence of these critical and high-severity issues indicates significant flaws in the contract. Centralized_risk_medium tag because the owner has the ability to pause and unpause the contract, presenting a medium level of centralization risk. External_dependencies tag because the contract relies heavily on the Permit2 protocol, introducing risk."
Data Analytics,f08c1906855198e2dc0413a47dcb38291b7087e5,https://blog.openzeppelin.com/linea-bridge-audit-1#scope,https://openzeppelin.com/,Ethereum,FALSE,FALSE,FALSE,FALSE,FALSE,FALSE,FALSE,FALSE,FALSE,FALSE,FALSE,FALSE,FALSE,FALSE,FALSE,FALSE,FALSE,TRUE,TRUE,FALSE,FALSE,FALSE,TRUE,FALSE,FALSE,FALSE,FALSE,FALSE,TRUE,FALSE,FALSE,FALSE,"Exploitation because critical and high-severity vulnerabilities were identified, including a reentrancy issue with the TokenBridge and potential denial-of-service attacks via the rate limiter. Bad_contract tag is the presence of these critical and high-severity issues indicates significant flaws in the contract. Centralized_risk_medium tag because the owner has significant control over the contract, including the ability to pause the contract and change critical addresses. External_dependencies because the contract relies heavily on external dependencies like the RateLimiter and PauseManager contracts. Reentrancy_without_eth_transfer tag because vulnerabilities were identified that could be exploited without involving ETH transfers."
Data Analytics,e8f21f103e17736907b62809d1ad902febc53714,https://blog.openzeppelin.com/radiant#table-of-contents,https://openzeppelin.com/,Ethereum,FALSE,FALSE,FALSE,FALSE,FALSE,FALSE,FALSE,TRUE,FALSE,FALSE,FALSE,FALSE,FALSE,FALSE,FALSE,FALSE,FALSE,TRUE,TRUE,FALSE,FALSE,FALSE,TRUE,FALSE,FALSE,FALSE,TRUE,FALSE,FALSE,FALSE,TRUE,FALSE,"Exploitation because critical and high-severity vulnerabilities were identified, ranging from eligibility manipulation leading to stolen rewards, bypassing penalties for early withdrawal of vested tokens, and potential denial-of-service attacks. Bad_contract tag because the presence of these critical and high-severity issues indicates significant flaws in the contract. Slippage_modifiable tag because users can specify their own slippage values for swaps. Centralized_risk_medium tag because the owner has significant control over the contract, including the ability to pause the contract and change critical addresses. External_dependencies tag because the contract relies heavily on external dependencies like LayerZero and Chainlink. Shadowing_local tag Issues with shadowed variables were identified, which can cause unexpected behavior and vulnerabilities in the contract."
Data Analytics,9681052496b12ddc3cfb312ba10839a5c8090eba,https://chainsecurity.com/security-audit/uniswap-permit2/,https://chainsecurity.com/blog/,Ethereum,FALSE,FALSE,FALSE,FALSE,FALSE,FALSE,FALSE,FALSE,FALSE,FALSE,FALSE,FALSE,FALSE,FALSE,FALSE,FALSE,FALSE,TRUE,FALSE,FALSE,FALSE,FALSE,FALSE,FALSE,FALSE,FALSE,FALSE,FALSE,FALSE,FALSE,FALSE,FALSE,exploitation: The audit identified that there is a vulnerability which is a race condition on approvals in the 'AllowTransfer.approve()' function. Bad actors can exploit this as the allowance value set may not reflect the intended amount.
Data Analytics,10b871627ab8861e7a85644d7c4233c5fe4717e0,https://chainsecurity.com/security-audit/makerdao-dss-proxy/,https://chainsecurity.com/blog/,Ethereum,FALSE,FALSE,FALSE,FALSE,FALSE,FALSE,FALSE,FALSE,FALSE,TRUE,FALSE,FALSE,FALSE,FALSE,FALSE,FALSE,FALSE,FALSE,FALSE,FALSE,FALSE,FALSE,FALSE,TRUE,FALSE,FALSE,FALSE,FALSE,FALSE,FALSE,FALSE,FALSE,"can_take_ownership_back - The owner can be changed via the 'setOwner()' function. If this function is not restricted, it can be misused by the original owner. centralized_risk_high - The owner can modify parameters of the proxy which includes its authority. Additionally, the owner can create calls to any address which can alter the behaviour of the proxy."
Data Analytics,aece6f7697972e1950dad3cfab79d49027fca332,https://chainsecurity.com/security-audit/makerdao-optimism-dai-bridge/,https://chainsecurity.com/blog/,Ethereum,FALSE,FALSE,FALSE,FALSE,FALSE,FALSE,FALSE,FALSE,FALSE,FALSE,FALSE,FALSE,FALSE,FALSE,FALSE,FALSE,FALSE,FALSE,FALSE,FALSE,FALSE,FALSE,TRUE,FALSE,TRUE,FALSE,TRUE,FALSE,FALSE,FALSE,FALSE,FALSE,"centralized_risk_medium: There are governance mechanisms which have some control. Misuse may compromise the contract. centralized_risk_low: There are various functions and or roles that have centralized control, however, there are safeguards in place to prevent misuse. external_dependencies: The DAI Bridge relies on external dependencies, particularly the Optimism Network. Any issues with the network, will affect functionality of the contract."